Workbook

Sheet Guide
A1: E04 Authentic and Secure Assessment in AI-Rich Computing Education
A2: Evidence Screening Log | Evidence Screening Lead: Prajwal Acharaya | Version 1, 23/09/2026
A4: HOW TO USE | B4: This is for group memeber to ad. add/ edit this excel file .
A5: 1 | B5: Add every record you find to the Evidence Log tab, one row each, including duplicates (mark them Duplicate = Yes).
A6: 2 | B6: Screen title/abstract first (Include / Exclude / Maybe). Only Include or Maybe records go to full-text screening.
A7: 3 | B7: After reading the full text, set Full-text Screen to Include or Exclude. Leave it blank if the full text is not yet retrieved.
A8: 4 | B8: If excluded, pick one reason code from the list below. Final Decision fills in automatically (grey columns are formulas, do not type in them).
A9: 5 | B9: The PRISMA Counts tab updates itself and gives the numbers for the PRISMA flow diagram.
A11: INCLUSION CRITERIA (draft, confirm with group)
A12: IC1 | B12: Higher education or tertiary context
A13: IC2 | B13: Focus on assessment design, assessment validity or academic integrity
A14: IC3 | B14: Involves generative AI / LLMs (or AI in assessment more broadly)
A15: IC4 | B15: Peer-reviewed journal article, conference paper, or formal framework paper
A16: IC5 | B16: Published 2022 to 2026, written in English
A18: EXCLUSION REASON CODES
A19: E1 | B19: Not higher education
A20: E2 | B20: Not about assessment or academic integrity
A21: E3 | B21: No AI / GenAI context
A22: E4 | B22: Not peer-reviewed (forum post, blog, opinion without review)
A23: E5 | B23: Outside date range (before 2022)
A24: E6 | B24: Not in English
A25: E7 | B25: Full text not available after retrieval attempt
A27: THEME CODES
A28: T1 | B28: Academic integrity and limits of AI detection
A29: T2 | B29: Assessment redesign: authentic, process-based, multi-stage
A30: T3 | B30: Oral / viva verification of understanding
A31: T4 | B31: AI-use frameworks, scales and declaration
A32: T5 | B32: Computing / programming-specific evidence
A33: T6 | B33: AI literacy, staff development and institutional policy
A35: COLOUR KEY
A36: Green | B36: Include
A37: Red | B37: Exclude
A38: Yellow | B38: Pending (full text still needed) | D38: This is automated
A39: Grey | B39: Duplicate / formula column
A42: 16/10/2026 relevance screening update
A43: Decision method | B43: Relevant records selected from supplied titles and summaries. Final Decision records relevance selection; Full-text Screen remains separate.
A44: Scope | B44: Tertiary AI/GenAI assessment, validity, integrity and supporting learning/context evidence. Programming-intensive engineering retained as adjacent evidence.
A45: Evidence roles | B45: Core assessment, supporting/contextual and background-only records are distinguished in AX. Inclusion does not establish study quality or effectiveness.
A47: Strict scope revision
A48: Main synthesis | B48: Higher-education Computing/IT assessment design, security, integrity or verification of understanding. Include direct empirical, design, technical and disciplinary framework evidence; identify study type.
A49: Background | B49: Cross-disciplinary work, broad AI/learning/literacy studies, secondary reviews and adjacent engineering contexts remain accessible but are not counted as main-synthesis inclusions.
A50: Verification | B50: Selection uses supplied descriptions. Original-article metadata, full-text eligibility and quality appraisal remain separate. Include means selected for this synthesis, not independently verified or proven effective.

Sheet Evidence Log
A1: Record ID | B1: Date Logged | C1: Source / How Found | D1: File Name / Paper Title | E1: Author(s) | F1: Year | G1: Title | H1: Journal / Venue | I1: DOI / Link | J1: Publication Type | K1: Study Design / Method | L1: Context | M1: Duplicate? | N1: Duplicate of | O1: Title/Abstract Screen | P1: Full-text Screen | Q1: Exclusion Code | R1: Final Decision | S1: Relevance to E04 | T1: Theme Codes | U1: Key Finding (own words) | V1: Screener | W1: Notes / Next Action | AD1: Older evidence flag | AE1: Missing information | AF1: Repeated DOI / link | AG1: Pending review | AI1: Screening totals | AJ1: Count | AL1: Pending record IDs | AO1: Assessment category / focus | AP1: Assessment strategy | AQ1: GenAI context | AR1: Relevance rationale / discipline | AS1: Limitations | AT1: Source inclusion recommendation | AU1: RQ mapping (source interpretation) | AV1: Project benefits / proposed applications | AW1: Source reference | AX1: Evidence role | AY1: Decision basis | AZ1: Relevance rationale | BA1: Full-text verification
A2: R01 | B2: 23/09/2026 | C2: Group upload (shared folder) | D2: Redefining student assessment in AI-infused learning environments: a systematic review of challenges and strategies for academic integrity Original file: Redefining_student_assessment_in_AI-infused_learni.pdf | E2: Ncube, Dzvapatsva, Matobobo & Ranga | F2: 2026 | G2: Redefining student assessment in AI-infused learning environments: a systematic review of challenges and strategies for academic integrity | H2: AI and Ethics, 6, Article 68 | I2: https://doi.org/10.1007/s43681-025-00871-w | J2: Journal article | K2: Systematic review (PRISMA), 56 studies, thematic analysis | L2: Higher education, multi-discipline | M2: No | O2: Include | P2: Include | R2: Background | S2: High | T2: T1, T2, T3, T6 | U2: AI detection tools are unreliable, so integrity depends on redesign: oral exams, scaffolded multi-stage tasks, AI disclosure and AI literacy. Recommends vivas as routine, not only for misconduct cases. | V2: PA | W2: Strong anchor source for the 'secure assessment' side. 16/10/2026 relevance decision: Include. Addresses assessment design, verification of understanding, assessment validity or integrity in AI-rich education. Revised strict-scope decision: Background only. Secondary synthesis or broad review; retain to frame or locate primary studies, outside the direct assessment-study synthesis. | AD2: =IF(G2="","",IF(F2="","",IF(AND(F2>=2022,F2<=2024),"Review 2026 applicability",""))) | AE2: =IF(G2="","",IF(OR(E2="",F2="",I2="",V2=""),"Missing author/year/link/screener","")) | AF2: =IF(G2="","",IF(I2="","",IF(COUNTIF($I$2:$I$100,I2)>1,"Check duplicate",""))) | AG2: =IF(G2="","",IF(M2="Yes","Duplicate",IF(OR(R2="",R2="Pending"),"Review pending",""))) | AI2: Records with titles | AJ2: =COUNTA(G2:G100) | AL2: {=_xlfn._xlws.FILTER(A2:A100,AG2:AG100="Review pending","None")} | AX2: Background, outside main synthesis | AY2: Tighter relevance screen of supplied title, context and summary; not a new full-text assessment. | AZ2: Secondary synthesis or broad review; retain to frame or locate primary studies, outside the direct assessment-study synthesis. | BA2: Existing full-text screen recorded; not reverified in this update.
A3: R02 | B3: 23/09/2026 | C3: Group upload (shared folder) | D3: Redefining student assessment in AI-infused learning environments (second copy) Original file: Redefining_student_assessment_in_AI-infused_learni__1_.pdf | E3: Ncube et al. | F3: 2026 | G3: Redefining student assessment in AI-infused learning environments (second copy) | H3: AI and Ethics | I3: https://doi.org/10.1007/s43681-025-00871-w | J3: Journal article | M3: Yes | N3: R01 | O3: N/A | R3: =IF(M3="Yes","Duplicate",IF(O3="Exclude","Exclude",IF(P3="","Pending",P3))) | S3: Low | U3: Identical file to R01. | V3: PA | W3: Removed as duplicate. | AD3: =IF(G3="","",IF(F3="","",IF(AND(F3>=2022,F3<=2024),"Review 2026 applicability",""))) | AE3: =IF(G3="","",IF(OR(E3="",F3="",I3="",V3=""),"Missing author/year/link/screener","")) | AF3: =IF(G3="","",IF(I3="","",IF(COUNTIF($I$2:$I$100,I3)>1,"Check duplicate",""))) | AG3: =IF(G3="","",IF(M3="Yes","Duplicate",IF(OR(R3="",R3="Pending"),"Review pending",""))) | AI3: Main-synthesis Include | AJ3: =COUNTIF(R2:R100,"Include") | AL3: R96
A4: R03 | B4: 23/09/2026 | C4: Group upload (shared folder) | D4: A scoping review on how generative artificial intelligence transforms assessment in higher education Original file: s41239-024-00468-z.pdf | E4: Xia, Weng, Ouyang, Lin & Chiu | F4: 2024 | G4: A scoping review on how generative artificial intelligence transforms assessment in higher education | H4: Int. J. of Educational Technology in Higher Education, 21, Article 40 | I4: https://doi.org/10.1186/s41239-024-00468-z | J4: Journal article | K4: Scoping review (PRISMA-ScR), 32 empirical studies | L4: Higher education, 11 disciplines incl. computer science | M4: No | O4: Include | P4: Include | R4: Background | S4: High | T4: T1, T2, T6 | U4: Maps GenAI impact at student, teacher and institution levels. Integrity is the main student-level concern; teachers need assessment and AI literacy; institutions must rethink assessment policy. | V4: PA | W4: Useful three-level structure for our analysis. 2022-2024 flag: Review applicability to 2026 GenAI during extraction; document specific limitations. 16/10/2026 relevance decision: Include. Addresses assessment design, verification of understanding, assessment validity or integrity in AI-rich education. Revised strict-scope decision: Background only. Secondary synthesis or broad review; retain to frame or locate primary studies, outside the direct assessment-study synthesis. | AD4: =IF(G4="","",IF(F4="","",IF(AND(F4>=2022,F4<=2024),"Review 2026 applicability",""))) | AE4: =IF(G4="","",IF(OR(E4="",F4="",I4="",V4=""),"Missing author/year/link/screener","")) | AF4: =IF(G4="","",IF(I4="","",IF(COUNTIF($I$2:$I$100,I4)>1,"Check duplicate",""))) | AG4: =IF(G4="","",IF(M4="Yes","Duplicate",IF(OR(R4="",R4="Pending"),"Review pending",""))) | AI4: Excluded | AJ4: =COUNTIF(R2:R100,"Exclude") | AL4: R96 | AX4: Background, outside main synthesis | AY4: Tighter relevance screen of supplied title, context and summary; not a new full-text assessment. | AZ4: Secondary synthesis or broad review; retain to frame or locate primary studies, outside the direct assessment-study synthesis. | BA4: Existing full-text screen recorded; not reverified in this update.
A5: R04 | B5: 23/09/2026 | C5: Group upload (shared folder) | D5: Designing assessments in the generative AI era: A tailored assessment framework for ICT tertiary education Original file: Ahangama__2026_.pdf | E5: Ahangama | F5: 2026 | G5: Designing assessments in the generative AI era: A tailored assessment framework for ICT tertiary education | H5: Int. J. of Educational Technology in Higher Education, 23, Article 9 | I5: https://doi.org/10.1186/s41239-026-00582-0 | J5: Journal article | K5: Qualitative document analysis (thematic), framework development | L5: ICT tertiary education, Australia | M5: No | O5: Include | P5: Include | R5: Include | S5: High | T5: T2, T4, T5, T6 | U5: Proposes the GENESIS five-pillar institutional framework and an Assessment Design Matrix linking ICT graduate competencies, strategies and methods for integrity-focused assessment. | V5: PA | W5: Most directly on-topic (ICT + assessment design). 16/10/2026 relevance decision: Include. Addresses assessment design, verification of understanding, assessment validity or integrity in AI-rich education. Revised strict-scope decision: Include in main synthesis. ICT-specific assessment-design framework; retain as conceptual design evidence, not an effectiveness trial. | AD5: =IF(G5="","",IF(F5="","",IF(AND(F5>=2022,F5<=2024),"Review 2026 applicability",""))) | AE5: =IF(G5="","",IF(OR(E5="",F5="",I5="",V5=""),"Missing author/year/link/screener","")) | AF5: =IF(G5="","",IF(I5="","",IF(COUNTIF($I$2:$I$100,I5)>1,"Check duplicate",""))) | AG5: =IF(G5="","",IF(M5="Yes","Duplicate",IF(OR(R5="",R5="Pending"),"Review pending",""))) | AI5: Duplicates | AJ5: =COUNTIF(M2:M100,"Yes") | AL5: R96 | AX5: Main synthesis, design / preliminary evidence | AY5: Tighter relevance screen of supplied title, context and summary; not a new full-text assessment. | AZ5: ICT-specific assessment-design framework; retain as conceptual design evidence, not an effectiveness trial. | BA5: Existing full-text screen recorded; not reverified in this update.
A6: R05 | B6: 23/09/2026 | C6: Group upload (shared folder) | D6: Designing assessments in the generative AI era (second copy) Original file: s41239-026-00582-0.pdf | E6: Ahangama | F6: 2026 | G6: Designing assessments in the generative AI era (second copy) | H6: IJETHE | I6: https://doi.org/10.1186/s41239-026-00582-0 | J6: Journal article | M6: Yes | N6: R04 | O6: N/A | R6: =IF(M6="Yes","Duplicate",IF(O6="Exclude","Exclude",IF(P6="","Pending",P6))) | S6: Low | U6: Identical file to R04. | V6: PA | W6: Removed as duplicate. | AD6: =IF(G6="","",IF(F6="","",IF(AND(F6>=2022,F6<=2024),"Review 2026 applicability",""))) | AE6: =IF(G6="","",IF(OR(E6="",F6="",I6="",V6=""),"Missing author/year/link/screener","")) | AF6: =IF(G6="","",IF(I6="","",IF(COUNTIF($I$2:$I$100,I6)>1,"Check duplicate",""))) | AG6: =IF(G6="","",IF(M6="Yes","Duplicate",IF(OR(R6="",R6="Pending"),"Review pending",""))) | AI6: Pending (incl. blank decision) | AJ6: =COUNTIF(AG2:AG100,"Review pending") | AL6: R96
A7: R06 | B7: 23/09/2026 | C7: Group upload (shared folder) | D7: Designing assessments in the generative AI era (third copy) Original file: s41239-026-00582-0__1_.pdf | E7: Ahangama | F7: 2026 | G7: Designing assessments in the generative AI era (third copy) | H7: IJETHE | I7: https://doi.org/10.1186/s41239-026-00582-0 | J7: Journal article | M7: Yes | N7: R04 | O7: N/A | R7: =IF(M7="Yes","Duplicate",IF(O7="Exclude","Exclude",IF(P7="","Pending",P7))) | S7: Low | U7: Identical file to R04. | V7: PA | W7: Removed as duplicate. | AD7: =IF(G7="","",IF(F7="","",IF(AND(F7>=2022,F7<=2024),"Review 2026 applicability",""))) | AE7: =IF(G7="","",IF(OR(E7="",F7="",I7="",V7=""),"Missing author/year/link/screener","")) | AF7: =IF(G7="","",IF(I7="","",IF(COUNTIF($I$2:$I$100,I7)>1,"Check duplicate",""))) | AG7: =IF(G7="","",IF(M7="Yes","Duplicate",IF(OR(R7="",R7="Pending"),"Review pending",""))) | AI7: Background only | AJ7: =COUNTIF(R2:R100,"Background") | AL7: R96
A8: R07 | B8: 23/09/2026 | C8: Group upload (shared folder) | D8: Assessment in the age of artificial intelligence Original file: Assessment_in_the_age_of_artificial_intelligence.pdf | E8: Swiecki, Khosravi, Chen, Martinez-Maldonado, Lodge, Milligan, Selwyn & Gašević | F8: 2022 | G8: Assessment in the age of artificial intelligence | H8: Computers and Education: Artificial Intelligence, 3, 100075 | I8: https://doi.org/10.1016/j.caeai.2022.100075 | J8: Journal article | K8: Conceptual / critical review | L8: Education (general), Australia | M8: No | O8: Include | P8: Include | R8: Background | S8: Medium | T8: T1, T2, T6 | U8: Argues traditional assessment is onerous, discrete, uniform, inauthentic and antiquated; AI can help but brings risks such as hidden accountability, surveillance and narrower forms of learning. | V8: PA | W8: Pre-ChatGPT; use for background and theory. 2022-2024 flag: Review applicability to 2026 GenAI during extraction; document specific limitations. 16/10/2026 relevance decision: Include. Relevant conceptual, learning-process, AI-literacy or institutional context; use as supporting evidence, not proof of assessment effectiveness. Revised strict-scope decision: Background only. Broad AI, learning, literacy or policy context, or insufficient direct assessment-design evidence in the supplied summary; retain for background only. | AD8: =IF(G8="","",IF(F8="","",IF(AND(F8>=2022,F8<=2024),"Review 2026 applicability",""))) | AF8: =IF(G8="","",IF(I8="","",IF(COUNTIF($I$2:$I$100,I8)>1,"Check duplicate",""))) | AG8: =IF(G8="","",IF(M8="Yes","Duplicate",IF(OR(R8="",R8="Pending"),"Review pending",""))) | AL8: R96 | AX8: Background, outside main synthesis | AY8: Tighter relevance screen of supplied title, context and summary; not a new full-text assessment. | AZ8: Broad AI, learning, literacy or policy context, or insufficient direct assessment-design evidence in the supplied summary; retain for background only. | BA8: Existing full-text screen recorded; not reverified in this update.
A9: R08 | B9: 23/09/2026 | C9: Group upload (shared folder) | D9: Computing education in the era of generative AI Original file: Computing_education_in_the_era_of_GenAI-01.pdf | E9: Denny, Prather, Becker, Finnie-Ansley, Hellas, Leinonen, Luxton-Reilly, Reeves, Santos & Sarsa | F9: 2024 | G9: Computing education in the era of generative AI | H9: Communications of the ACM, 67(2), 56-67 | I9: https://doi.org/10.1145/3624720 | J9: Journal article | K9: Review / position paper drawing on authors' empirical studies | L9: Introductory programming (CS1/CS2) | M9: No | O9: Include | P9: Include | R9: Include | S9: High | T9: T1, T3, T5 | U9: GPT-4 scored close to the top of a CS1 class on real exams, and plagiarism tools miss AI code. Recommends clear AI rules per assessment, secure testing and a stronger focus on process and code-reading skills. | V9: PA | W9: Key computing evidence for why take-home coding tasks are insecure. 2022-2024 flag: Review applicability to 2026 GenAI during extraction; document specific limitations. 16/10/2026 relevance decision: Include. Addresses assessment design, verification of understanding, assessment validity or integrity in AI-rich education. Revised strict-scope decision: Include in main synthesis. Computing-specific assessment vulnerabilities and verification recommendations; retain as review/position evidence. | AD9: =IF(G9="","",IF(F9="","",IF(AND(F9>=2022,F9<=2024),"Review 2026 applicability",""))) | AF9: =IF(G9="","",IF(I9="","",IF(COUNTIF($I$2:$I$100,I9)>1,"Check duplicate",""))) | AG9: =IF(G9="","",IF(M9="Yes","Duplicate",IF(OR(R9="",R9="Pending"),"Review pending",""))) | AL9: R96 | AX9: Main synthesis, assessment evidence | AY9: Tighter relevance screen of supplied title, context and summary; not a new full-text assessment. | AZ9: Computing-specific assessment vulnerabilities and verification recommendations; retain as review/position evidence. | BA9: Existing full-text screen recorded; not reverified in this update.
A10: R09 | B10: 23/09/2026 | C10: Group upload (shared folder) | D10: Incorporating generative AI into software development education Original file: Incorporating_Generative_AI_into_Software_Development_Education.pdf | E10: Petrovska, Clift, Moller & Pearsall | F10: 2024 | G10: Incorporating generative AI into software development education | H10: Proceedings of Computing Education Practice (CEP '24), 37-40 | I10: https://doi.org/10.1145/3633053.3633057 | J10: Conference paper | K10: Surveys (first-year n=12, final-year n=12, industry n=13) plus experimental summative assessment (n=17) | L10: Software engineering degree apprenticeship, UK | M10: No | O10: Include | P10: Include | R10: Include | S10: High | T10: T2, T4, T5 | U10: Assessments that make students critically evaluate ChatGPT output worked well; most students spotted its weaknesses, but some over-relied on it (e.g., did not notice wrong-language code). | V10: PA | W10: Good example of an authentic AI-inclusive computing assessment. 2022-2024 flag: Review applicability to 2026 GenAI during extraction; document specific limitations. 16/10/2026 relevance decision: Include. Addresses assessment design, verification of understanding, assessment validity or integrity in AI-rich education. Revised strict-scope decision: Include in main synthesis. Direct higher-education Computing/IT evidence on assessment design, assessment security, integrity or verification of individual understanding. | AD10: =IF(G10="","",IF(F10="","",IF(AND(F10>=2022,F10<=2024),"Review 2026 applicability",""))) | AF10: =IF(G10="","",IF(I10="","",IF(COUNTIF($I$2:$I$100,I10)>1,"Check duplicate",""))) | AG10: =IF(G10="","",IF(M10="Yes","Duplicate",IF(OR(R10="",R10="Pending"),"Review pending",""))) | AL10: R96 | AX10: Main synthesis, assessment evidence | AY10: Tighter relevance screen of supplied title, context and summary; not a new full-text assessment. | AZ10: Direct higher-education Computing/IT evidence on assessment design, assessment security, integrity or verification of individual understanding. | BA10: Existing full-text screen recorded; not reverified in this update.
A11: R10 | B11: 23/09/2026 | C11: Group upload (shared folder) | D11: The Artificial Intelligence Assessment Scale (AIAS): A framework for ethical integration of generative AI in educational assessment Original file: JUTLP_AI_Assessment_Scale_final.pdf | E11: Perkins, Furze, Roe & MacVaugh | F11: 2024 | G11: The Artificial Intelligence Assessment Scale (AIAS): A framework for ethical integration of generative AI in educational assessment | H11: Journal of University Teaching and Learning Practice, 21(6) | I11: https://doi.org/10.53761/q3azde36 | J11: Journal article | K11: Conceptual framework | L11: Higher education (adaptable to K-12) | M11: No | O11: Include | P11: Include | R11: Background | S11: High | T11: T4, T1 | U11: Five-level scale (No AI to Full AI) so educators state exactly how much GenAI each task allows. Recommends Level 1 tasks be supervised because unsupervised 'no AI' rules cannot be enforced fairly. | V11: PA | W11: Widely used scale; candidate for our AI-use dimension. 2022-2024 flag: Review applicability to 2026 GenAI during extraction; document specific limitations. 16/10/2026 relevance decision: Include. Addresses assessment design, verification of understanding, assessment validity or integrity in AI-rich education. Revised strict-scope decision: Background only. Broad AI, learning, literacy or policy context, or insufficient direct assessment-design evidence in the supplied summary; retain for background only. | AD11: =IF(G11="","",IF(F11="","",IF(AND(F11>=2022,F11<=2024),"Review 2026 applicability",""))) | AF11: =IF(G11="","",IF(I11="","",IF(COUNTIF($I$2:$I$100,I11)>1,"Check duplicate",""))) | AG11: =IF(G11="","",IF(M11="Yes","Duplicate",IF(OR(R11="",R11="Pending"),"Review pending",""))) | AL11: R96 | AX11: Background, outside main synthesis | AY11: Tighter relevance screen of supplied title, context and summary; not a new full-text assessment. | AZ11: Broad AI, learning, literacy or policy context, or insufficient direct assessment-design evidence in the supplied summary; retain for background only. | BA11: Existing full-text screen recorded; not reverified in this update.
A12: R11 | B12: 23/09/2026 | C12: Group upload (shared folder) | D12: Coauthorship integrity: Reconceptualising assessment validity for the age of generative artificial intelligence Original file: Ebrahimzadeh_-_Comp___Edu__2026_.pdf | E12: Ebrahimzadeh, Shibani & Buckingham Shum | F12: 2026 | G12: Coauthorship integrity: Reconceptualising assessment validity for the age of generative artificial intelligence | H12: Computers and Education: Artificial Intelligence, 10, 100609 | I12: https://doi.org/10.1016/j.caeai.2026.100609 | J12: Journal article | K12: Conceptual + prototype (AI Viva) with expert evaluation | L12: Higher education writing, Australia | M12: No | O12: Include | P12: Include | R12: Background | S12: High | T12: T1, T3 | U12: Proposes 'coauthorship integrity': students must understand what they submit, even if AI helped. Tests an AI Viva chatbot that asks comprehension questions to check this at scale. | V12: PA | W12: Supports scalable oral-style verification. 16/10/2026 relevance decision: Include. Addresses assessment design, verification of understanding, assessment validity or integrity in AI-rich education. Revised strict-scope decision: Background only. Broad AI, learning, literacy or policy context, or insufficient direct assessment-design evidence in the supplied summary; retain for background only. | AD12: =IF(G12="","",IF(F12="","",IF(AND(F12>=2022,F12<=2024),"Review 2026 applicability",""))) | AF12: =IF(G12="","",IF(I12="","",IF(COUNTIF($I$2:$I$100,I12)>1,"Check duplicate",""))) | AG12: =IF(G12="","",IF(M12="Yes","Duplicate",IF(OR(R12="",R12="Pending"),"Review pending",""))) | AL12: R96 | AX12: Background, outside main synthesis | AY12: Tighter relevance screen of supplied title, context and summary; not a new full-text assessment. | AZ12: Broad AI, learning, literacy or policy context, or insufficient direct assessment-design evidence in the supplied summary; retain for background only. | BA12: Existing full-text screen recorded; not reverified in this update.
A13: R12 | B13: 23/09/2026 | C13: Group upload (shared folder) | D13: How university students work on assessment tasks with generative artificial intelligence Original file: How_university_students_work_on_assessment_tasks_with_generative_artificial_intelligence.txt | E13: To be confirmed | F13: 2025 | G13: How university students work on assessment tasks with generative artificial intelligence | H13: Assessment & Evaluation in Higher Education (per DOI) | I13: https://doi.org/10.1080/02602938.2025.2570328 | J13: Journal article | K13: To be confirmed after full-text read | L13: Higher education | M13: No | O13: Include | R13: Background | V13: PA | W13: Only a DOI link was shared. Download full text, then complete this row. 16/10/2026 relevance decision: Include. Relevant conceptual, learning-process, AI-literacy or institutional context; use as supporting evidence, not proof of assessment effectiveness. Revised strict-scope decision: Background only. Broad AI, learning, literacy or policy context, or insufficient direct assessment-design evidence in the supplied summary; retain for background only. | AD13: =IF(G13="","",IF(F13="","",IF(AND(F13>=2022,F13<=2024),"Review 2026 applicability",""))) | AF13: =IF(G13="","",IF(I13="","",IF(COUNTIF($I$2:$I$100,I13)>1,"Check duplicate",""))) | AG13: =IF(G13="","",IF(M13="Yes","Duplicate",IF(OR(R13="",R13="Pending"),"Review pending",""))) | AL13: R96 | AX13: Background, outside main synthesis | AY13: Tighter relevance screen of supplied title, context and summary; not a new full-text assessment. | AZ13: Broad AI, learning, literacy or policy context, or insufficient direct assessment-design evidence in the supplied summary; retain for background only. | BA13: Not independently checked against original full text.
A14: R13 | B14: 23/09/2026 | C14: Group upload (shared folder) | D14: Are report-based assessments and viva examinations effective alternatives to written exams in computing education? Original file: research_discussion.docx | E14: ResearchGate users | F14: 2025 | G14: Are report-based assessments and viva examinations effective alternatives to written exams in computing education? | H14: ResearchGate Q&A forum | I14: https://www.researchgate.net/post/Are_report-based_assessments_and_viva_examinations_effective_alternatives_to_written_exams_in_computing_education | J14: Online discussion | K14: N/A | L14: Computing education | M14: No | O14: Exclude | Q14: E4 | R14: Exclude | S14: Low | V14: PA | W14: Not peer-reviewed. Year approximate. Can be cited only as informal background, not evidence. 16/10/2026 relevance decision: Exclude. Existing exclusion retained; see the original exclusion code and notes. | AD14: =IF(G14="","",IF(F14="","",IF(AND(F14>=2022,F14<=2024),"Review 2026 applicability",""))) | AF14: =IF(G14="","",IF(I14="","",IF(COUNTIF($I$2:$I$100,I14)>1,"Check duplicate",""))) | AG14: =IF(G14="","",IF(M14="Yes","Duplicate",IF(OR(R14="",R14="Pending"),"Review pending",""))) | AL14: R96 | AX14: Excluded (existing decision) | AY14: Existing decision retained; supporting classification added. | AZ14: Existing exclusion retained; see the original exclusion code and notes. | BA14: Not independently checked against original full text.
A15: R14 | B15: 23/09/2026 | C15: Sachin, Papers Key Findings doc | D15: Themes in the declared use of generative artificial intelligence in assessment Original file: Not uploaded | E15: Maguire et al. | F15: 2025 | G15: Themes in the declared use of generative artificial intelligence in assessment | H15: ACM publication (confirm venue) | I15: https://doi.org/10.1145/3702212.3702217 | J15: Conference paper | K15: To be confirmed | L15: Computing / higher education | M15: No | O15: Include | R15: Background | T15: T4 | U15: Per Sachin's summary: looks at how students declare GenAI use in assessment; supports clearly defined, transparent AI-use rules. | V15: PA | W15: Retrieve full text to confirm. 16/10/2026 relevance decision: Include. Relevant conceptual, learning-process, AI-literacy or institutional context; use as supporting evidence, not proof of assessment effectiveness. Revised strict-scope decision: Background only. Broad AI, learning, literacy or policy context, or insufficient direct assessment-design evidence in the supplied summary; retain for background only. | AD15: =IF(G15="","",IF(F15="","",IF(AND(F15>=2022,F15<=2024),"Review 2026 applicability",""))) | AF15: =IF(G15="","",IF(I15="","",IF(COUNTIF($I$2:$I$100,I15)>1,"Check duplicate",""))) | AG15: =IF(G15="","",IF(M15="Yes","Duplicate",IF(OR(R15="",R15="Pending"),"Review pending",""))) | AL15: R96 | AX15: Background, outside main synthesis | AY15: Tighter relevance screen of supplied title, context and summary; not a new full-text assessment. | AZ15: Broad AI, learning, literacy or policy context, or insufficient direct assessment-design evidence in the supplied summary; retain for background only. | BA15: Not independently checked against original full text.
A16: R15 | B16: 23/09/2026 | C16: Sachin, Papers Key Findings doc | D16: The summative assessment of generative AI usage within academic writing in a computing foundation year Original file: Not uploaded | E16: Prickett & Foster | F16: 2026 | G16: The summative assessment of generative AI usage within academic writing in a computing foundation year | H16: ACM publication (confirm venue) | I16: https://doi.org/10.1145/3772338.3772347 | J16: Conference paper | K16: To be confirmed | L16: Computing foundation year | M16: No | O16: Include | R16: Include | T16: T2, T4, T5 | U16: Per Sachin's summary: a computing assessment where students use and critically evaluate GenAI while still showing their own understanding. | V16: PA | W16: Retrieve full text to confirm. 16/10/2026 relevance decision: Include. Addresses assessment design, verification of understanding, assessment validity or integrity in AI-rich education. Revised strict-scope decision: Include in main synthesis. Computing-foundation-year assessment of GenAI use; relevance established from supplied title, bibliographic and full-text details still require verification. | AD16: =IF(G16="","",IF(F16="","",IF(AND(F16>=2022,F16<=2024),"Review 2026 applicability",""))) | AF16: =IF(G16="","",IF(I16="","",IF(COUNTIF($I$2:$I$100,I16)>1,"Check duplicate",""))) | AG16: =IF(G16="","",IF(M16="Yes","Duplicate",IF(OR(R16="",R16="Pending"),"Review pending",""))) | AL16: R96 | AX16: Main synthesis, assessment evidence | AY16: Tighter relevance screen of supplied title, context and summary; not a new full-text assessment. | AZ16: Computing-foundation-year assessment of GenAI use; relevance established from supplied title, bibliographic and full-text details still require verification. | BA16: Not independently checked against original full text.
A17: R16 | B17: 14/10/2026 | C17: User paper list, item 1 | D17: Beyond Detection: Redesigning Authentic Assessment in an AI-Mediated World Original file: Relevant Papers 2022-26(1).docx | F17: 2025 | G17: Beyond Detection: Redesigning Authentic Assessment in an AI-Mediated World | I17: https://doi.org/10.3390/educsci15111537 | J17: Journal article (source list; verify) | L17: Journal Papers | M17: No | O17: Include | R17: Background | U17: Source-list summary (not verified against full text): Discusses moving from identifying AI-written work to designing authentic tasks. Useful for establishing why assessment redesign is preferable to detection alone. | W17: Imported from supplied paper list. Verify author(s), journal, year and DOI; retrieve full text, screen and extract supporting pages. No full-text review completed. 16/10/2026 relevance decision: Include. Addresses assessment design, verification of understanding, assessment validity or integrity in AI-rich education. Revised strict-scope decision: Background only. Broad AI, learning, literacy or policy context, or insufficient direct assessment-design evidence in the supplied summary; retain for background only. | AD17: =IF(G17="","",IF(F17="","",IF(AND(F17>=2022,F17<=2024),"Review 2026 applicability",""))) | AF17: =IF(G17="","",IF(I17="","",IF(COUNTIF($I$2:$I$100,I17)>1,"Check duplicate",""))) | AG17: =IF(G17="","",IF(M17="Yes","Duplicate",IF(OR(R17="",R17="Pending"),"Review pending",""))) | AL17: R96 | AX17: Background, outside main synthesis | AY17: Tighter relevance screen of supplied title, context and summary; not a new full-text assessment. | AZ17: Broad AI, learning, literacy or policy context, or insufficient direct assessment-design evidence in the supplied summary; retain for background only. | BA17: Not independently checked against original full text.
A18: R17 | B18: 14/10/2026 | C18: User paper list, item 2 | D18: Assessing students’ DRIVE: A framework to evaluate learning through interactions with generative AI Original file: Group folder (1).docx | F18: 2025 | G18: Assessing students’ DRIVE: A framework to evaluate learning through interactions with generative AI | I18: https://doi.org/10.1016/j.caeai.2025.100497 | J18: Journal article (source list; verify) | L18: Journal Papers | M18: No | O18: Include | R18: Background | U18: Source-list summary (not verified against full text): Proposes evaluating learning evidence from students’ interactions with GenAI. Useful for assessing the decisions and reasoning behind AI-supported submissions. | W18: Imported from supplied paper list. Verify author(s), journal, year and DOI; retrieve full text, screen and extract supporting pages. No full-text review completed. 16/10/2026 relevance decision: Include. Addresses assessment design, verification of understanding, assessment validity or integrity in AI-rich education. Revised strict-scope decision: Background only. Broad AI, learning, literacy or policy context, or insufficient direct assessment-design evidence in the supplied summary; retain for background only. | AD18: =IF(G18="","",IF(F18="","",IF(AND(F18>=2022,F18<=2024),"Review 2026 applicability",""))) | AF18: =IF(G18="","",IF(I18="","",IF(COUNTIF($I$2:$I$100,I18)>1,"Check duplicate",""))) | AG18: =IF(G18="","",IF(M18="Yes","Duplicate",IF(OR(R18="",R18="Pending"),"Review pending",""))) | AL18: R96 | AX18: Background, outside main synthesis | AY18: Tighter relevance screen of supplied title, context and summary; not a new full-text assessment. | AZ18: Broad AI, learning, literacy or policy context, or insufficient direct assessment-design evidence in the supplied summary; retain for background only. | BA18: Not independently checked against original full text.
A19: R18 | B19: 14/10/2026 | C19: User paper list, item 3 | D19: A scoping review on how generative artificial intelligence transforms assessment in higher education Original file: Group folder (1).docx | F19: 2024 | G19: A scoping review on how generative artificial intelligence transforms assessment in higher education | I19: https://doi.org/10.1186/s41239-024-00468-z | J19: Journal article (source list; verify) | L19: Journal Papers | M19: Yes | N19: R03 | O19: N/A | R19: Duplicate | U19: Source-list summary (not verified against full text): Maps existing research on how GenAI changes university assessment. Provides an evidence base for identifying assessment strategies and gaps. | W19: Duplicate DOI of R03. Imported from supplied list; existing record retained. | AD19: =IF(G19="","",IF(F19="","",IF(AND(F19>=2022,F19<=2024),"Review 2026 applicability",""))) | AF19: =IF(G19="","",IF(I19="","",IF(COUNTIF($I$2:$I$100,I19)>1,"Check duplicate",""))) | AG19: =IF(G19="","",IF(M19="Yes","Duplicate",IF(OR(R19="",R19="Pending"),"Review pending",""))) | AL19: R96
A20: R19 | B20: 14/10/2026 | C20: User paper list, item 4 | D20: Generative Artificial Intelligence in Tertiary Education: Assessment Redesign Principles and Considerations Original file: Relevant Papers 2022-26(1).docx | E20: Lye, C. Y.; Lim, L. | F20: 2024 | G20: Generative artificial intelligence in tertiary education: Assessment redesign principles and considerations | H20: Education Sciences, 14(6), Article 569 | I20: https://doi.org/10.3390/educsci14060569 | J20: Journal article | K20: Conceptual framework: Against, Avoid and Adopt (AAA); no experimental comparison | L20: Direct GenAI; cross-disciplinary tertiary assessment | M20: No | O20: Include | R20: Background | U20: Source-list summary (not verified against full text): Outlines principles for revising assessment in the presence of GenAI. Helps structure recommendations for AI-permitted assessment tasks. Summary supplied in 15.10.2026.pdf (not independently verified): GenAI creates opportunities for learning but also raises concerns about academic integrity, reliability and misinformation. ; AI-detection tools have limitations and may produce inaccurate results. ; Prohibiting GenAI across all assessments may not adequately prepare students for professional environments where AI is used. ; The AAA principle provides three broad approaches to assessment design: Against, Avoid and Adopt. ; Assessment decisions should reflect learning objectives and the purpose of each task rather than applying a single rule to every assessment. | W20: Imported from supplied paper list. Verify author(s), journal, year and DOI; retrieve full text, screen and extract supporting pages. No full-text review completed. Added detailed source summary from 15.10.2026.pdf, Paper 5. Verify against original article. Computing applications and RQ mapping are source interpretations. 16/10/2026 relevance decision: Include. Addresses assessment design, verification of understanding, assessment validity or integrity in AI-rich education. Revised strict-scope decision: Background only. Broad AI, learning, literacy or policy context, or insufficient direct assessment-design evidence in the supplied summary; retain for background only. | AD20: =IF(G20="","",IF(F20="","",IF(AND(F20>=2022,F20<=2024),"Review 2026 applicability",""))) | AF20: =IF(G20="","",IF(I20="","",IF(COUNTIF($I$2:$I$100,I20)>1,"Check duplicate",""))) | AG20: =IF(G20="","",IF(M20="Yes","Duplicate",IF(OR(R20="",R20="Pending"),"Review pending",""))) | AL20: R96 | AO20: Assessment redesign ; Transparent and responsible GenAI use ; Authentic assessment ; Academic integrity ; AI literacy development | AP20: Against: Assessments in which GenAI is not permitted because independent performance is essential. ; Avoid: Redesigning tasks to reduce reliance on activities that AI can complete without demonstrating the intended learning outcomes. ; Adopt: Assessments that deliberately incorporate GenAI and evaluate students' ability to use it appropriately. ; Transparent AI-use instructions ; Reflection on AI-assisted work ; Justification of technical decisions ; Practical demonstrations of individual competence | AQ20: Direct GenAI; cross-disciplinary tertiary assessment | AR20: This paper provides a useful conceptual framework for our project because it argues that restricting AI or attempting to detect AI-generated work is not sufficient to address the challenges of GenAI in education. Different assessments have different purposes. Some tasks may need to measure students' independent foundational knowledge, while others may benefit from allowing students to use AI as part of realistic professional practice. For computing education, this distinction is particularly important. Students may need to demonstrate unaided programming fundamentals in one assessment while using AI-assisted debugging or code generation in another. In both cases, assessment design should provide appropriate evidence of the intended learning outcomes. This aligns with our project objective of developing assessment strategies that balance responsible AI use with the verification of individual student achievement. | AS20: The paper is primarily conceptual and proposes a framework rather than experimentally comparing the effectiveness of different assessment strategies. The AAA principle provides guidance for categorising assessment approaches, but it does not establish that one category consistently produces more valid or reliable results than another. Furthermore, the framework does not independently verify whether students have achieved the intended learning outcomes. Practical tasks, oral explanations, process evidence and other assessment methods may still be needed to establish individual competence. | AU20: RQ1: Provides a framework for redesigning assessments to maintain appropriate evidence of individual student achievement when GenAI is available. RQ2: Identifies challenges associated with academic integrity, AI-generated misinformation and the limitations of AI-detection approaches. RQ4: Helps categorise assessment vulnerability according to whether AI use is prohibited, avoided through task redesign or deliberately incorporated. However, the paper does not experimentally measure vulnerability. RQ5: Supports a balanced approach to GenAI integration by matching assessment design to learning objectives and the intended role of AI. | AV20: The AAA framework helps our project categorise assessment strategies according to the role GenAI should play. For example, a closed-book programming test may restrict AI to assess foundational skills. A take-home software-design assignment may avoid tasks that AI can complete without meaningful student input, or it may explicitly permit AI and require students to evaluate and justify its outputs. This framework supports a balanced approach in which students' use of AI is determined by the assessment objectives and the evidence needed to establish competence. | AW20: Lye, C. Y., & Lim, L. (2024). Generative artificial intelligence in tertiary education: Assessment redesign principles and considerations. Education Sciences, 14(6), Article 569. https://doi.org/10.3390/educsci14060569 | AX20: Background, outside main synthesis | AY20: Tighter relevance screen of supplied title, context and summary; not a new full-text assessment. | AZ20: Broad AI, learning, literacy or policy context, or insufficient direct assessment-design evidence in the supplied summary; retain for background only. | BA20: Not independently checked against original full text.
A21: R20 | B21: 14/10/2026 | C21: User paper list, item 5 | D21: Reinventing assessments with ChatGPT and other online tools: Opportunities for GenAI-empowered assessment practices Original file: Relevant Papers 2022-26(1).docx | E21: Foung, D.; Lin, H. F.; Chen, S. W. J. | F21: 2024 | G21: Reinventing assessments with ChatGPT and other online tools: Opportunities for GenAI-empowered assessment practices | H21: Computers and Education: Artificial Intelligence, 6, Article 100250 | I21: https://doi.org/10.1016/j.caeai.2024.100250 | J21: Journal article | K21: Qualitative assessment redesign study: reflections from 74 students and focus groups with 28 students | L21: Direct GenAI; elective English course in Hong Kong | M21: No | O21: Include | R21: Background | U21: Source-list summary (not verified against full text): Examines assessment practices built around the use of GenAI and other digital tools. Offers ideas for evaluating learning when AI assistance is permitted. Summary supplied in 15.10.2026.pdf (not independently verified): The study analysed reflections from 74 students and interviews with 28 students. ; Students demonstrated the ability to select different online tools for different purposes. ; Allowing students to choose tools provided opportunities to develop evaluation and decision-making skills. ; Differences between free and premium tools raised concerns about equitable access. ; The findings support assessment practices that allow appropriate AI use while considering fairness and learning objectives. | W21: Imported from supplied paper list. Verify author(s), journal, year and DOI; retrieve full text, screen and extract supporting pages. No full-text review completed. Added detailed source summary from 15.10.2026.pdf, Paper 3. Verify against original article. Computing applications and RQ mapping are source interpretations. 16/10/2026 relevance decision: Include. Relevant conceptual, learning-process, AI-literacy or institutional context; use as supporting evidence, not proof of assessment effectiveness. Revised strict-scope decision: Background only. Broad AI, learning, literacy or policy context, or insufficient direct assessment-design evidence in the supplied summary; retain for background only. | AD21: =IF(G21="","",IF(F21="","",IF(AND(F21>=2022,F21<=2024),"Review 2026 applicability",""))) | AF21: =IF(G21="","",IF(I21="","",IF(COUNTIF($I$2:$I$100,I21)>1,"Check duplicate",""))) | AG21: =IF(G21="","",IF(M21="Yes","Duplicate",IF(OR(R21="",R21="Pending"),"Review pending",""))) | AL21: R96 | AO21: Transparent and responsible GenAI use ; Assessment redesign ; Reflective assessment ; AI literacy development ; Process-based assessment | AP21: Draft submissions and iterative improvements ; Reflection on AI tool usage ; Justification of tool selection ; Documentation of AI-generated suggestions ; Evaluation of AI-generated content ; Transparent disclosure of AI assistance | AQ21: Direct GenAI; elective English course in Hong Kong | AR21: This paper provides useful evidence for our project because it demonstrates how assessments can be redesigned to incorporate GenAI into learning activities. Instead of treating AI only as a threat to academic integrity, educators can create tasks that require students to select appropriate tools, evaluate AI-generated information and reflect on their decisions. For computing education, students could use AI to generate code, debug programs or explore alternative solutions. They could then explain which suggestions they accepted, modified or rejected and justify their decisions. This aligns with our project objective of developing assessment approaches that recognise the role of GenAI while providing stronger evidence of students' individual understanding and decision-making abilities. | AS21: The study focuses on an elective English course rather than computing education. Its findings therefore cannot automatically be generalised to programming, software engineering or cybersecurity assessments. The research uses qualitative evidence from student reflections and focus-group interviews. It does not experimentally establish whether the redesigned assessments improve academic integrity or reliably verify individual competence. Additionally, reflection and disclosure do not independently prove that a student understands the submitted work. These methods should be combined with practical demonstrations, oral explanations or individual problem-solving tasks. | AU21: RQ1: Supports assessment redesign that evaluates students' learning processes and decision- making alongside their final submissions. RQ2: Identifies challenges involving responsible AI use, tool selection and equitable access to AI technologies. RQ4: Highlights the need to move beyond final-output assessment, although the study does not directly measure the vulnerability of computing assessments to GenAI. RQ5: Supports integrating GenAI transparently into assessment while requiring students to evaluate tools, justify decisions and reflect on their learning. | AV21: The paper supports moving beyond assessments that evaluate only the final answer or submission. It suggests that students' tool-selection decisions and reflections can provide additional evidence of their learning. In computing education, this approach could be applied through programming tasks, debugging exercises and software-design problems. Students could submit their initial work, document AI assistance, explain changes made to their solutions and reflect on the accuracy of AI- generated suggestions. These practices may help educators evaluate both technical outcomes and individual reasoning in GenAI-supported learning environments. | AW21: Foung, D., Lin, H. F., & Chen, S. W. J. (2024). Reinventing assessments with ChatGPT and other online tools: Opportunities for GenAI-empowered assessment practices. Computers and Education: Artificial Intelligence, 6, Article 100250. https://doi.org/10.1016/j.caeai.2024.100250 | AX21: Background, outside main synthesis | AY21: Tighter relevance screen of supplied title, context and summary; not a new full-text assessment. | AZ21: Broad AI, learning, literacy or policy context, or insufficient direct assessment-design evidence in the supplied summary; retain for background only. | BA21: Not independently checked against original full text.
A22: R21 | B22: 14/10/2026 | C22: User paper list, item 6 | D22: Developing evaluative judgement for a time of generative artificial intelligence Original file: Relevant Papers 2022-26(1).docx | F22: 2024 | G22: Developing evaluative judgement for a time of generative artificial intelligence | I22: https://doi.org/10.1080/02602938.2024.2335321 | J22: Journal article (source list; verify) | L22: Journal Papers | M22: No | O22: Include | R22: Background | U22: Source-list summary (not verified against full text): Considers students’ ability to judge the quality of work in an AI-rich environment. Supports marking the evaluation and justification of AI outputs. | W22: Imported from supplied paper list. Verify author(s), journal, year and DOI; retrieve full text, screen and extract supporting pages. No full-text review completed. 16/10/2026 relevance decision: Include. Addresses assessment design, verification of understanding, assessment validity or integrity in AI-rich education. Revised strict-scope decision: Background only. Broad AI, learning, literacy or policy context, or insufficient direct assessment-design evidence in the supplied summary; retain for background only. | AD22: =IF(G22="","",IF(F22="","",IF(AND(F22>=2022,F22<=2024),"Review 2026 applicability",""))) | AF22: =IF(G22="","",IF(I22="","",IF(COUNTIF($I$2:$I$100,I22)>1,"Check duplicate",""))) | AG22: =IF(G22="","",IF(M22="Yes","Duplicate",IF(OR(R22="",R22="Pending"),"Review pending",""))) | AL22: R96 | AX22: Background, outside main synthesis | AY22: Tighter relevance screen of supplied title, context and summary; not a new full-text assessment. | AZ22: Broad AI, learning, literacy or policy context, or insufficient direct assessment-design evidence in the supplied summary; retain for background only. | BA22: Not independently checked against original full text.
A23: R22 | B23: 14/10/2026 | C23: User paper list, item 7 | D23: Guidelines for learning design and assessment for generative artificial intelligence-integrated education: a unified view Original file: Relevant Papers 2022-26(1).docx | F23: 2025 | G23: Guidelines for learning design and assessment for generative artificial intelligence-integrated education: a unified view | I23: https://doi.org/10.1108/ILS-11-2024-0148 | J23: Journal article (source list; verify) | L23: Journal Papers | M23: No | O23: Include | R23: Background | U23: Source-list summary (not verified against full text): Addresses teaching and assessment design where GenAI is integrated into learning. Provides principles that can inform a practical redesign framework. | W23: Imported from supplied paper list. Verify author(s), journal, year and DOI; retrieve full text, screen and extract supporting pages. No full-text review completed. 16/10/2026 relevance decision: Include. Addresses assessment design, verification of understanding, assessment validity or integrity in AI-rich education. Revised strict-scope decision: Background only. Broad AI, learning, literacy or policy context, or insufficient direct assessment-design evidence in the supplied summary; retain for background only. | AD23: =IF(G23="","",IF(F23="","",IF(AND(F23>=2022,F23<=2024),"Review 2026 applicability",""))) | AF23: =IF(G23="","",IF(I23="","",IF(COUNTIF($I$2:$I$100,I23)>1,"Check duplicate",""))) | AG23: =IF(G23="","",IF(M23="Yes","Duplicate",IF(OR(R23="",R23="Pending"),"Review pending",""))) | AL23: R96 | AX23: Background, outside main synthesis | AY23: Tighter relevance screen of supplied title, context and summary; not a new full-text assessment. | AZ23: Broad AI, learning, literacy or policy context, or insufficient direct assessment-design evidence in the supplied summary; retain for background only. | BA23: Not independently checked against original full text.
A24: R23 | B24: 14/10/2026 | C24: User paper list, item 8 | D24: Embracing a new world: authentic assessment designs in an age of generative artificial intelligence (GenAI) Original file: Relevant Papers 2022-26(1).docx | F24: 2026 | G24: Embracing a new world: authentic assessment designs in an age of generative artificial intelligence (GenAI) | I24: https://doi.org/10.1080/13603108.2025.2601741 | J24: Journal article (source list; verify) | L24: Journal Papers | M24: No | O24: Include | R24: Background | U24: Source-list summary (not verified against full text): Explores authentic assessment design in the GenAI era. Helps connect assessment tasks to demonstrable personal competence. | W24: Imported from supplied paper list. Verify author(s), journal, year and DOI; retrieve full text, screen and extract supporting pages. No full-text review completed. 16/10/2026 relevance decision: Include. Addresses assessment design, verification of understanding, assessment validity or integrity in AI-rich education. Revised strict-scope decision: Background only. Broad AI, learning, literacy or policy context, or insufficient direct assessment-design evidence in the supplied summary; retain for background only. | AD24: =IF(G24="","",IF(F24="","",IF(AND(F24>=2022,F24<=2024),"Review 2026 applicability",""))) | AF24: =IF(G24="","",IF(I24="","",IF(COUNTIF($I$2:$I$100,I24)>1,"Check duplicate",""))) | AG24: =IF(G24="","",IF(M24="Yes","Duplicate",IF(OR(R24="",R24="Pending"),"Review pending",""))) | AL24: R96 | AX24: Background, outside main synthesis | AY24: Tighter relevance screen of supplied title, context and summary; not a new full-text assessment. | AZ24: Broad AI, learning, literacy or policy context, or insufficient direct assessment-design evidence in the supplied summary; retain for background only. | BA24: Not independently checked against original full text.
A25: R24 | B25: 14/10/2026 | C25: User paper list, item 9 | D25: Changing EAP assessment practices in the age of generative artificial intelligence: The case of Scottish higher education institutions Original file: Relevant Papers 2022-26(1).docx | F25: 2026 | G25: Changing EAP assessment practices in the age of generative artificial intelligence: The case of Scottish higher education institutions | I25: https://doi.org/10.1016/j.jeap.2025.101609 | J25: Journal article (source list; verify) | L25: Journal Papers | M25: No | O25: Include | R25: Background | U25: Source-list summary (not verified against full text): Examines how English for Academic Purposes assessment practices respond to GenAI. Offers cross-disciplinary examples of assessment change. | W25: Imported from supplied paper list. Verify author(s), journal, year and DOI; retrieve full text, screen and extract supporting pages. No full-text review completed. 16/10/2026 relevance decision: Include. Relevant conceptual, learning-process, AI-literacy or institutional context; use as supporting evidence, not proof of assessment effectiveness. Revised strict-scope decision: Background only. Other-discipline educational evidence; potentially transferable background, outside the Computing/IT assessment sample. | AD25: =IF(G25="","",IF(F25="","",IF(AND(F25>=2022,F25<=2024),"Review 2026 applicability",""))) | AF25: =IF(G25="","",IF(I25="","",IF(COUNTIF($I$2:$I$100,I25)>1,"Check duplicate",""))) | AG25: =IF(G25="","",IF(M25="Yes","Duplicate",IF(OR(R25="",R25="Pending"),"Review pending",""))) | AL25: R96 | AX25: Background, outside main synthesis | AY25: Tighter relevance screen of supplied title, context and summary; not a new full-text assessment. | AZ25: Other-discipline educational evidence; potentially transferable background, outside the Computing/IT assessment sample. | BA25: Not independently checked against original full text.
A26: R25 | B26: 14/10/2026 | C26: User paper list, item 10 | D26: Online assessment in the age of artificial intelligence Original file: Relevant Papers 2022-26(1).docx | F26: 2024 | G26: Online assessment in the age of artificial intelligence | I26: https://doi.org/10.1007/s44217-024-00212-9 | J26: Journal article (source list; verify) | L26: Journal Papers | M26: No | O26: Include | R26: Background | U26: Source-list summary (not verified against full text): Discusses challenges posed by AI to online assessment. Relevant to designing unsupervised activities that generate stronger learning evidence. | W26: Imported from supplied paper list. Verify author(s), journal, year and DOI; retrieve full text, screen and extract supporting pages. No full-text review completed. 16/10/2026 relevance decision: Include. Addresses assessment design, verification of understanding, assessment validity or integrity in AI-rich education. Revised strict-scope decision: Background only. Broad AI, learning, literacy or policy context, or insufficient direct assessment-design evidence in the supplied summary; retain for background only. | AD26: =IF(G26="","",IF(F26="","",IF(AND(F26>=2022,F26<=2024),"Review 2026 applicability",""))) | AF26: =IF(G26="","",IF(I26="","",IF(COUNTIF($I$2:$I$100,I26)>1,"Check duplicate",""))) | AG26: =IF(G26="","",IF(M26="Yes","Duplicate",IF(OR(R26="",R26="Pending"),"Review pending",""))) | AL26: R96 | AX26: Background, outside main synthesis | AY26: Tighter relevance screen of supplied title, context and summary; not a new full-text assessment. | AZ26: Broad AI, learning, literacy or policy context, or insufficient direct assessment-design evidence in the supplied summary; retain for background only. | BA26: Not independently checked against original full text.
A27: R26 | B27: 14/10/2026 | C27: User paper list, item 11 | D27: Is AI changing learning and assessment as we know it? Evidence from a ChatGPT experiment and a conceptual framework Original file: Relevant Papers 2022-26(1).docx | F27: 2024 | G27: Is AI changing learning and assessment as we know it? Evidence from a ChatGPT experiment and a conceptual framework | I27: https://doi.org/10.1016/j.heliyon.2024.e25953 | J27: Journal article (source list; verify) | L27: Journal Papers | M27: No | O27: Include | R27: Background | U27: Source-list summary (not verified against full text): Uses evidence from a ChatGPT-related experiment to examine learning and assessment. Provides a conceptual basis for thinking about AI’s influence on results. | W27: Imported from supplied paper list. Verify author(s), journal, year and DOI; retrieve full text, screen and extract supporting pages. No full-text review completed. 16/10/2026 relevance decision: Include. Relevant conceptual, learning-process, AI-literacy or institutional context; use as supporting evidence, not proof of assessment effectiveness. Revised strict-scope decision: Background only. Broad AI, learning, literacy or policy context, or insufficient direct assessment-design evidence in the supplied summary; retain for background only. | AD27: =IF(G27="","",IF(F27="","",IF(AND(F27>=2022,F27<=2024),"Review 2026 applicability",""))) | AF27: =IF(G27="","",IF(I27="","",IF(COUNTIF($I$2:$I$100,I27)>1,"Check duplicate",""))) | AG27: =IF(G27="","",IF(M27="Yes","Duplicate",IF(OR(R27="",R27="Pending"),"Review pending",""))) | AL27: R96 | AX27: Background, outside main synthesis | AY27: Tighter relevance screen of supplied title, context and summary; not a new full-text assessment. | AZ27: Broad AI, learning, literacy or policy context, or insufficient direct assessment-design evidence in the supplied summary; retain for background only. | BA27: Not independently checked against original full text.
A28: R27 | B28: 14/10/2026 | C28: User paper list, item 12 | D28: AI in action: Changes to student perceptions when using generative artificial intelligence for the creation of a multimedia project-based assessment Original file: Relevant Papers 2022-26(1).docx | F28: 2025 | G28: AI in action: Changes to student perceptions when using generative artificial intelligence for the creation of a multimedia project-based assessment | I28: https://doi.org/10.1016/j.ejphar.2025.177508 | J28: Journal article (source list; verify) | L28: Journal Papers | M28: No | O28: Include | R28: Background | U28: Source-list summary (not verified against full text): Examines student perceptions during an AI-supported project-based assessment. Provides an example of student experience with permitted AI use. | W28: Imported from supplied paper list. Verify author(s), journal, year and DOI; retrieve full text, screen and extract supporting pages. No full-text review completed. 16/10/2026 relevance decision: Include. Relevant conceptual, learning-process, AI-literacy or institutional context; use as supporting evidence, not proof of assessment effectiveness. Revised strict-scope decision: Background only. Other-discipline educational evidence; potentially transferable background, outside the Computing/IT assessment sample. | AD28: =IF(G28="","",IF(F28="","",IF(AND(F28>=2022,F28<=2024),"Review 2026 applicability",""))) | AF28: =IF(G28="","",IF(I28="","",IF(COUNTIF($I$2:$I$100,I28)>1,"Check duplicate",""))) | AG28: =IF(G28="","",IF(M28="Yes","Duplicate",IF(OR(R28="",R28="Pending"),"Review pending",""))) | AL28: R96 | AX28: Background, outside main synthesis | AY28: Tighter relevance screen of supplied title, context and summary; not a new full-text assessment. | AZ28: Other-discipline educational evidence; potentially transferable background, outside the Computing/IT assessment sample. | BA28: Not independently checked against original full text.
A29: R28 | B29: 14/10/2026 | C29: User paper list, item 13 | D29: Generative AI in computing education: A systematic review and a framework for responsible integration Original file: Relevant Papers 2022-26(1).docx | E29: Kumar, Wongsirichot & Nanthaamornphong | F29: 2026 | G29: Generative AI in Computing Education: A Systematic Review and a Framework for Responsible Integration | H29: Computers and Education: Artificial Intelligence, Volume 11, Article 100677 | I29: https://doi.org/10.1016/j.caeai.2026.100677 | J29: Journal article | K29: Systematic literature review of 72 primary studies published between 2022 and 2026. Uses quality appraisal and thematic synthesis. | L29: Extremely relevant to authentic and secure computing assessment. Provides synthesized evidence for the need to verify individual capability and redesign assessments. Discipline: Computing and Programming Education. | M29: No | O29: Include | R29: Background | S29: High | U29: Extraction supplied in tables.docx (not independently verified): AI improves task-completion efficiency, but successful AI-assisted completion does not necessarily demonstrate independent programming competence. The review identifies over-reliance, integrity risks and the importance of assessment redesign. | W29: Imported from supplied paper list. Verify author(s), journal, year and DOI; retrieve full text, screen and extract supporting pages. No full-text review completed. Detailed extraction imported from tables.docx. Source recommendation retained separately; verify against full text before final screening. Also listed in tables.pdf, entry 1. Existing extraction retained. 16/10/2026 relevance decision: Include. Addresses assessment design, verification of understanding, assessment validity or integrity in AI-rich education. Revised strict-scope decision: Background only. Secondary synthesis or broad review; retain to frame or locate primary studies, outside the direct assessment-study synthesis. | AD29: =IF(G29="","",IF(F29="","",IF(AND(F29>=2022,F29<=2024),"Review 2026 applicability",""))) | AF29: =IF(G29="","",IF(I29="","",IF(COUNTIF($I$2:$I$100,I29)>1,"Check duplicate",""))) | AG29: =IF(G29="","",IF(M29="Yes","Duplicate",IF(OR(R29="",R29="Pending"),"Review pending",""))) | AL29: R96 | AO29: Systematically reviews how GenAI affects learning outcomes, student over-reliance, assessment integrity and teaching practices in computing education. Relevant across several assessment categories, particularly assessment redesign and individual verification. | AP29: AI-resistant assessment design, verification of individual understanding, and structured integration of AI into computing coursework. | AQ29: Direct, ChatGPT, GitHub Copilot and other GenAI tools used in computing/programming education. | AR29: Extremely relevant to authentic and secure computing assessment. Provides synthesized evidence for the need to verify individual capability and redesign assessments. Discipline: Computing and Programming Education. | AS29: Secondary evidence rather than a new assessment experiment. Findings depend on the quality and diversity of included studies. Long-term learning outcomes and equity evidence remain limited. | AT29: Include (core), directly addresses the research problem. | AX29: Background, outside main synthesis | AY29: Tighter relevance screen of supplied title, context and summary; not a new full-text assessment. | AZ29: Secondary synthesis or broad review; retain to frame or locate primary studies, outside the direct assessment-study synthesis. | BA29: Not independently checked against original full text.
A30: R29 | B30: 14/10/2026 | C30: User paper list, item 14 | D30: Mapping Research on Generative Artificial Intelligence for Programming Education: A Systematic Review Original file: Relevant Papers 2022-26(1).docx | F30: 2026 | G30: Mapping Research on Generative Artificial Intelligence for Programming Education: A Systematic Review | I30: https://doi.org/10.1002/jcal.70341 | J30: Journal article (source list; verify) | L30: Computer Science and programming assessments | M30: No | O30: Include | R30: Background | U30: Source-list summary (not verified against full text): Synthesises research on GenAI in programming education. Useful for identifying patterns and gaps in the evidence. | W30: Imported from supplied paper list. Verify author(s), journal, year and DOI; retrieve full text, screen and extract supporting pages. No full-text review completed. 16/10/2026 relevance decision: Include. Relevant conceptual, learning-process, AI-literacy or institutional context; use as supporting evidence, not proof of assessment effectiveness. Revised strict-scope decision: Background only. Secondary synthesis or broad review; retain to frame or locate primary studies, outside the direct assessment-study synthesis. | AD30: =IF(G30="","",IF(F30="","",IF(AND(F30>=2022,F30<=2024),"Review 2026 applicability",""))) | AF30: =IF(G30="","",IF(I30="","",IF(COUNTIF($I$2:$I$100,I30)>1,"Check duplicate",""))) | AG30: =IF(G30="","",IF(M30="Yes","Duplicate",IF(OR(R30="",R30="Pending"),"Review pending",""))) | AL30: R96 | AX30: Background, outside main synthesis | AY30: Tighter relevance screen of supplied title, context and summary; not a new full-text assessment. | AZ30: Secondary synthesis or broad review; retain to frame or locate primary studies, outside the direct assessment-study synthesis. | BA30: Not independently checked against original full text.
A31: R30 | B31: 14/10/2026 | C31: User paper list, item 15 | D31: A systematic review of the impact of GenAI on learning performance, AI hallucinations, and problem-solving in computer science education Original file: Relevant Papers 2022-26(1).docx | F31: 2026 | G31: A systematic review of the impact of GenAI on learning performance, AI hallucinations, and problem-solving in computer science education | I31: https://doi.org/10.1016/j.caeai.2026.100570 | J31: Journal article (source list; verify) | L31: Computer Science and programming assessments | M31: No | O31: Include | R31: Background | U31: Source-list summary (not verified against full text): Reviews learning performance and reliability issues in GenAI-supported computing education. Particularly relevant to problem-solving and detecting AI errors. | W31: Imported from supplied paper list. Verify author(s), journal, year and DOI; retrieve full text, screen and extract supporting pages. No full-text review completed. 16/10/2026 relevance decision: Include. Relevant conceptual, learning-process, AI-literacy or institutional context; use as supporting evidence, not proof of assessment effectiveness. Revised strict-scope decision: Background only. Secondary synthesis or broad review; retain to frame or locate primary studies, outside the direct assessment-study synthesis. | AD31: =IF(G31="","",IF(F31="","",IF(AND(F31>=2022,F31<=2024),"Review 2026 applicability",""))) | AF31: =IF(G31="","",IF(I31="","",IF(COUNTIF($I$2:$I$100,I31)>1,"Check duplicate",""))) | AG31: =IF(G31="","",IF(M31="Yes","Duplicate",IF(OR(R31="",R31="Pending"),"Review pending",""))) | AL31: R96 | AX31: Background, outside main synthesis | AY31: Tighter relevance screen of supplied title, context and summary; not a new full-text assessment. | AZ31: Secondary synthesis or broad review; retain to frame or locate primary studies, outside the direct assessment-study synthesis. | BA31: Not independently checked against original full text.
A32: R31 | B32: 14/10/2026 | C32: User paper list, item 16 | D32: Literature Review on the Integration of Generative AI in Programming Education Original file: Relevant Papers 2022-26(1).docx | F32: 2025 | G32: Literature Review on the Integration of Generative AI in Programming Education | I32: https://doi.org/10.1007/s40593-025-00524-3 | J32: Journal article (source list; verify) | L32: Computer Science and programming assessments | M32: No | O32: Include | R32: Background | U32: Source-list summary (not verified against full text): Reviews how GenAI is incorporated into programming teaching and learning. Provides context for selecting assessment methods in coding courses. | W32: Imported from supplied paper list. Verify author(s), journal, year and DOI; retrieve full text, screen and extract supporting pages. No full-text review completed. 16/10/2026 relevance decision: Include. Relevant conceptual, learning-process, AI-literacy or institutional context; use as supporting evidence, not proof of assessment effectiveness. Revised strict-scope decision: Background only. Secondary synthesis or broad review; retain to frame or locate primary studies, outside the direct assessment-study synthesis. | AD32: =IF(G32="","",IF(F32="","",IF(AND(F32>=2022,F32<=2024),"Review 2026 applicability",""))) | AF32: =IF(G32="","",IF(I32="","",IF(COUNTIF($I$2:$I$100,I32)>1,"Check duplicate",""))) | AG32: =IF(G32="","",IF(M32="Yes","Duplicate",IF(OR(R32="",R32="Pending"),"Review pending",""))) | AL32: R96 | AX32: Background, outside main synthesis | AY32: Tighter relevance screen of supplied title, context and summary; not a new full-text assessment. | AZ32: Secondary synthesis or broad review; retain to frame or locate primary studies, outside the direct assessment-study synthesis. | BA32: Not independently checked against original full text.
A33: R32 | B33: 14/10/2026 | C33: User paper list, item 17 | D33: Artificial intelligence in computer programming education: A systematic literature review Original file: Relevant Papers 2022-26(1).docx | E33: Manorat, Tuarob & Pongpaichet | F33: 2025 | G33: Artificial Intelligence in Computer Programming Education: A Systematic Literature Review | H33: Computers and Education: Artificial Intelligence, Volume 8, Article 100403 | I33: https://doi.org/10.1016/j.caeai.2025.100403 | J33: Journal article | K33: Systematic literature review of 119 studies published between 2012 and 2024, categorized into four educational application areas. | L33: Provides computing-specific background on AI-supported assessment and how programming skills are evaluated. Discipline: Computer Programming Education. | M33: No | O33: Include | R33: Background | S33: High | U33: Extraction supplied in tables.docx (not independently verified): AI has applications in programming assessment, feedback, course design and performance monitoring. The review identifies research trends and opportunities for improving programming education. | W33: Imported from supplied paper list. Verify author(s), journal, year and DOI; retrieve full text, screen and extract supporting pages. No full-text review completed. Detailed extraction imported from tables.docx. Source recommendation retained separately; verify against full text before final screening. Also listed in tables.pdf, entry 2. Existing extraction retained. 16/10/2026 relevance decision: Include. Relevant conceptual, learning-process, AI-literacy or institutional context; use as supporting evidence, not proof of assessment effectiveness. Revised strict-scope decision: Background only. Secondary synthesis or broad review; retain to frame or locate primary studies, outside the direct assessment-study synthesis. | AD33: =IF(G33="","",IF(F33="","",IF(AND(F33>=2022,F33<=2024),"Review 2026 applicability",""))) | AF33: =IF(G33="","",IF(I33="","",IF(COUNTIF($I$2:$I$100,I33)>1,"Check duplicate",""))) | AG33: =IF(G33="","",IF(M33="Yes","Duplicate",IF(OR(R33="",R33="Pending"),"Review pending",""))) | AL33: R96 | AO33: Reviews AI applications throughout programming education, including course design, teaching, assessment, feedback and performance monitoring. Most relevant to supervised/unsupervised programming assessments, although it does not directly compare all eight strategies. | AP33: AI-supported programming assessment, automated grading and feedback, combined with appropriate measures of actual programming knowledge. | AQ33: Mixed, covers traditional AI/ML and more recent AI tools; not exclusively GenAI. | AR33: Provides computing-specific background on AI-supported assessment and how programming skills are evaluated. Discipline: Computer Programming Education. | AS33: Broad coverage of AI applications rather than a focused evaluation of authentic and secure GenAI-era assessment. Earlier studies predate modern GenAI. | AT33: Include (core/supporting), particularly useful for programming assessment context. | AX33: Background, outside main synthesis | AY33: Tighter relevance screen of supplied title, context and summary; not a new full-text assessment. | AZ33: Secondary synthesis or broad review; retain to frame or locate primary studies, outside the direct assessment-study synthesis. | BA33: Not independently checked against original full text.
A34: R33 | B34: 14/10/2026 | C34: User paper list, item 18 | D34: Integrating Generative AI into Programming Education: Student Perceptions and the Challenge of Correcting AI Errors Original file: Relevant Papers 2022-26(1).docx | F34: 2025 | G34: Integrating Generative AI into Programming Education: Student Perceptions and the Challenge of Correcting AI Errors | I34: https://doi.org/10.1007/s40593-025-00496-4 | J34: Journal article (source list; verify) | L34: Computer Science and programming assessments | M34: No | O34: Include | R34: Background | U34: Source-list summary (not verified against full text): Investigates the challenge of recognising and fixing erroneous AI-generated code. Directly supports error-correction tasks as assessment evidence. | W34: Imported from supplied paper list. Verify author(s), journal, year and DOI; retrieve full text, screen and extract supporting pages. No full-text review completed. 16/10/2026 relevance decision: Include. Addresses assessment design, verification of understanding, assessment validity or integrity in AI-rich education. Revised strict-scope decision: Background only. Broad AI, learning, literacy or policy context, or insufficient direct assessment-design evidence in the supplied summary; retain for background only. | AD34: =IF(G34="","",IF(F34="","",IF(AND(F34>=2022,F34<=2024),"Review 2026 applicability",""))) | AF34: =IF(G34="","",IF(I34="","",IF(COUNTIF($I$2:$I$100,I34)>1,"Check duplicate",""))) | AG34: =IF(G34="","",IF(M34="Yes","Duplicate",IF(OR(R34="",R34="Pending"),"Review pending",""))) | AL34: R96 | AX34: Background, outside main synthesis | AY34: Tighter relevance screen of supplied title, context and summary; not a new full-text assessment. | AZ34: Broad AI, learning, literacy or policy context, or insufficient direct assessment-design evidence in the supplied summary; retain for background only. | BA34: Not independently checked against original full text.
A35: R34 | B35: 14/10/2026 | C35: User paper list, item 19 | D35: AI in the classroom: Exploring students’ interaction with ChatGPT in programming learning Original file: Relevant Papers 2022-26(1).docx | F35: 2025 | G35: AI in the classroom: Exploring students’ interaction with ChatGPT in programming learning | I35: https://doi.org/10.1007/s10639-025-13337-7 | J35: Journal article (source list; verify) | L35: Computer Science and programming assessments | M35: No | O35: Include | R35: Background | U35: Source-list summary (not verified against full text): Studies how programming students interact with ChatGPT. Relevant to assessing learning processes and AI-guidance behaviour. | W35: Imported from supplied paper list. Verify author(s), journal, year and DOI; retrieve full text, screen and extract supporting pages. No full-text review completed. 16/10/2026 relevance decision: Include. Relevant conceptual, learning-process, AI-literacy or institutional context; use as supporting evidence, not proof of assessment effectiveness. Revised strict-scope decision: Background only. Broad AI, learning, literacy or policy context, or insufficient direct assessment-design evidence in the supplied summary; retain for background only. | AD35: =IF(G35="","",IF(F35="","",IF(AND(F35>=2022,F35<=2024),"Review 2026 applicability",""))) | AF35: =IF(G35="","",IF(I35="","",IF(COUNTIF($I$2:$I$100,I35)>1,"Check duplicate",""))) | AG35: =IF(G35="","",IF(M35="Yes","Duplicate",IF(OR(R35="",R35="Pending"),"Review pending",""))) | AL35: R96 | AX35: Background, outside main synthesis | AY35: Tighter relevance screen of supplied title, context and summary; not a new full-text assessment. | AZ35: Broad AI, learning, literacy or policy context, or insufficient direct assessment-design evidence in the supplied summary; retain for background only. | BA35: Not independently checked against original full text.
A36: R35 | B36: 14/10/2026 | C36: User paper list, item 20 | D36: Would ChatGPT-facilitated programming mode impact college students’ programming behaviors, performances, and perceptions? An empirical study Original file: Relevant Papers 2022-26(1).docx | F36: 2024 | G36: Would ChatGPT-facilitated programming mode impact college students’ programming behaviors, performances, and perceptions? An empirical study | I36: https://doi.org/10.1186/s41239-024-00446-5 | J36: Journal article (source list; verify) | L36: Computer Science and programming assessments | M36: No | O36: Include | R36: Background | U36: Source-list summary (not verified against full text): Examines students’ programming behaviours and outcomes when using ChatGPT. Helps explore whether strong task performance indicates understanding. | W36: Imported from supplied paper list. Verify author(s), journal, year and DOI; retrieve full text, screen and extract supporting pages. No full-text review completed. 16/10/2026 relevance decision: Include. Addresses assessment design, verification of understanding, assessment validity or integrity in AI-rich education. Revised strict-scope decision: Background only. Broad AI, learning, literacy or policy context, or insufficient direct assessment-design evidence in the supplied summary; retain for background only. | AD36: =IF(G36="","",IF(F36="","",IF(AND(F36>=2022,F36<=2024),"Review 2026 applicability",""))) | AF36: =IF(G36="","",IF(I36="","",IF(COUNTIF($I$2:$I$100,I36)>1,"Check duplicate",""))) | AG36: =IF(G36="","",IF(M36="Yes","Duplicate",IF(OR(R36="",R36="Pending"),"Review pending",""))) | AL36: R96 | AX36: Background, outside main synthesis | AY36: Tighter relevance screen of supplied title, context and summary; not a new full-text assessment. | AZ36: Broad AI, learning, literacy or policy context, or insufficient direct assessment-design evidence in the supplied summary; retain for background only. | BA36: Not independently checked against original full text.
A37: R36 | B37: 14/10/2026 | C37: User paper list, item 21 | D37: ChatGPT in computer programming education: A review of current literature and applications Original file: Relevant Papers 2022-26(1).docx | F37: 2026 | G37: ChatGPT in computer programming education: A review of current literature and applications | I37: https://doi.org/10.14742/ajet.10588 | J37: Journal article (source list; verify) | L37: Computer Science and programming assessments | M37: No | O37: Include | R37: Background | U37: Source-list summary (not verified against full text): Reviews the use of ChatGPT in programming education. Provides teaching and assessment applications for computing courses. | W37: Imported from supplied paper list. Verify author(s), journal, year and DOI; retrieve full text, screen and extract supporting pages. No full-text review completed. 16/10/2026 relevance decision: Include. Relevant conceptual, learning-process, AI-literacy or institutional context; use as supporting evidence, not proof of assessment effectiveness. Revised strict-scope decision: Background only. Secondary synthesis or broad review; retain to frame or locate primary studies, outside the direct assessment-study synthesis. | AD37: =IF(G37="","",IF(F37="","",IF(AND(F37>=2022,F37<=2024),"Review 2026 applicability",""))) | AF37: =IF(G37="","",IF(I37="","",IF(COUNTIF($I$2:$I$100,I37)>1,"Check duplicate",""))) | AG37: =IF(G37="","",IF(M37="Yes","Duplicate",IF(OR(R37="",R37="Pending"),"Review pending",""))) | AL37: R96 | AX37: Background, outside main synthesis | AY37: Tighter relevance screen of supplied title, context and summary; not a new full-text assessment. | AZ37: Secondary synthesis or broad review; retain to frame or locate primary studies, outside the direct assessment-study synthesis. | BA37: Not independently checked against original full text.
A38: R37 | B38: 14/10/2026 | C38: User paper list, item 22 | D38: Learning, Behavior, and Pedagogy: A Systematic Review of Generative AI Use in Programming Education Original file: Relevant Papers 2022-26(1).docx | F38: 2026 | G38: Learning, Behavior, and Pedagogy: A Systematic Review of Generative AI Use in Programming Education | I38: https://doi.org/10.18178/ijiet.2026.16.1.2487 | J38: Journal article (source list; verify) | L38: Computer Science and programming assessments | M38: No | O38: Include | R38: Background | U38: Source-list summary (not verified against full text): Reviews learning behaviour and pedagogy associated with GenAI in programming. Useful for process-based assessment recommendations. | W38: Imported from supplied paper list. Verify author(s), journal, year and DOI; retrieve full text, screen and extract supporting pages. No full-text review completed. 16/10/2026 relevance decision: Include. Relevant conceptual, learning-process, AI-literacy or institutional context; use as supporting evidence, not proof of assessment effectiveness. Revised strict-scope decision: Background only. Secondary synthesis or broad review; retain to frame or locate primary studies, outside the direct assessment-study synthesis. | AD38: =IF(G38="","",IF(F38="","",IF(AND(F38>=2022,F38<=2024),"Review 2026 applicability",""))) | AF38: =IF(G38="","",IF(I38="","",IF(COUNTIF($I$2:$I$100,I38)>1,"Check duplicate",""))) | AG38: =IF(G38="","",IF(M38="Yes","Duplicate",IF(OR(R38="",R38="Pending"),"Review pending",""))) | AL38: R96 | AX38: Background, outside main synthesis | AY38: Tighter relevance screen of supplied title, context and summary; not a new full-text assessment. | AZ38: Secondary synthesis or broad review; retain to frame or locate primary studies, outside the direct assessment-study synthesis. | BA38: Not independently checked against original full text.
A39: R38 | B39: 14/10/2026 | C39: User paper list, item 23 | D39: Artificial intelligence in programming education: A systematic review of intelligent, adaptive, and generative systems, learner outcomes, and implementation challenges Original file: Relevant Papers 2022-26(1).docx | F39: 2026 | G39: Artificial intelligence in programming education: A systematic review of intelligent, adaptive, and generative systems, learner outcomes, and implementation challenges | I39: https://doi.org/10.1016/j.heliyon.2026.e45361 | J39: Journal article (source list; verify) | L39: Computer Science and programming assessments | M39: No | O39: Include | R39: Background | U39: Source-list summary (not verified against full text): Surveys AI systems and implementation challenges in programming education. Supports a balanced account of benefits and learning risks. | W39: Imported from supplied paper list. Verify author(s), journal, year and DOI; retrieve full text, screen and extract supporting pages. No full-text review completed. 16/10/2026 relevance decision: Include. Relevant conceptual, learning-process, AI-literacy or institutional context; use as supporting evidence, not proof of assessment effectiveness. Revised strict-scope decision: Background only. Secondary synthesis or broad review; retain to frame or locate primary studies, outside the direct assessment-study synthesis. | AD39: =IF(G39="","",IF(F39="","",IF(AND(F39>=2022,F39<=2024),"Review 2026 applicability",""))) | AF39: =IF(G39="","",IF(I39="","",IF(COUNTIF($I$2:$I$100,I39)>1,"Check duplicate",""))) | AG39: =IF(G39="","",IF(M39="Yes","Duplicate",IF(OR(R39="",R39="Pending"),"Review pending",""))) | AL39: R96 | AX39: Background, outside main synthesis | AY39: Tighter relevance screen of supplied title, context and summary; not a new full-text assessment. | AZ39: Secondary synthesis or broad review; retain to frame or locate primary studies, outside the direct assessment-study synthesis. | BA39: Not independently checked against original full text.
A40: R39 | B40: 14/10/2026 | C40: User paper list, item 24 | D40: Impact of ChatGPT on learning outcomes and performance of students in computer programming courses: a mixed-method approach Original file: Relevant Papers 2022-26(1).docx | F40: 2026 | G40: Impact of ChatGPT on learning outcomes and performance of students in computer programming courses: a mixed-method approach | I40: https://doi.org/10.1007/s44217-026-01142-4 | J40: Journal article (source list; verify) | L40: Computer Science and programming assessments | M40: No | O40: Include | R40: Background | U40: Source-list summary (not verified against full text): Examines learning performance in programming courses using mixed methods. Relevant to separating task success from deeper learning. | W40: Imported from supplied paper list. Verify author(s), journal, year and DOI; retrieve full text, screen and extract supporting pages. No full-text review completed. 16/10/2026 relevance decision: Include. Relevant conceptual, learning-process, AI-literacy or institutional context; use as supporting evidence, not proof of assessment effectiveness. Revised strict-scope decision: Background only. Broad AI, learning, literacy or policy context, or insufficient direct assessment-design evidence in the supplied summary; retain for background only. | AD40: =IF(G40="","",IF(F40="","",IF(AND(F40>=2022,F40<=2024),"Review 2026 applicability",""))) | AF40: =IF(G40="","",IF(I40="","",IF(COUNTIF($I$2:$I$100,I40)>1,"Check duplicate",""))) | AG40: =IF(G40="","",IF(M40="Yes","Duplicate",IF(OR(R40="",R40="Pending"),"Review pending",""))) | AL40: R96 | AX40: Background, outside main synthesis | AY40: Tighter relevance screen of supplied title, context and summary; not a new full-text assessment. | AZ40: Broad AI, learning, literacy or policy context, or insufficient direct assessment-design evidence in the supplied summary; retain for background only. | BA40: Not independently checked against original full text.
A41: R40 | B41: 14/10/2026 | C41: User paper list, item 25 | D41: The cognitive impact of ChatGPT in higher education: A systematic review of critical and creative thinking outcomes Original file: Relevant Papers 2022-26(1).docx | F41: 2026 | G41: The cognitive impact of ChatGPT in higher education: A systematic review of critical and creative thinking outcomes | I41: https://doi.org/10.1016/j.caeai.2026.100571 | J41: Journal article (source list; verify) | L41: Measuring understanding, reasoning and learning outcomes | M41: No | O41: Include | R41: Background | U41: Source-list summary (not verified against full text): Reviews evidence on critical and creative thinking when ChatGPT is used. Relevant to evaluating cognitive learning rather than output quality alone. | W41: Imported from supplied paper list. Verify author(s), journal, year and DOI; retrieve full text, screen and extract supporting pages. No full-text review completed. 16/10/2026 relevance decision: Include. Relevant conceptual, learning-process, AI-literacy or institutional context; use as supporting evidence, not proof of assessment effectiveness. Revised strict-scope decision: Background only. Secondary synthesis or broad review; retain to frame or locate primary studies, outside the direct assessment-study synthesis. | AD41: =IF(G41="","",IF(F41="","",IF(AND(F41>=2022,F41<=2024),"Review 2026 applicability",""))) | AF41: =IF(G41="","",IF(I41="","",IF(COUNTIF($I$2:$I$100,I41)>1,"Check duplicate",""))) | AG41: =IF(G41="","",IF(M41="Yes","Duplicate",IF(OR(R41="",R41="Pending"),"Review pending",""))) | AL41: R96 | AX41: Background, outside main synthesis | AY41: Tighter relevance screen of supplied title, context and summary; not a new full-text assessment. | AZ41: Secondary synthesis or broad review; retain to frame or locate primary studies, outside the direct assessment-study synthesis. | BA41: Not independently checked against original full text.
A42: R41 | B42: 14/10/2026 | C42: User paper list, item 26 | D42: Evidence of impact and interpretational limits of generative AI in STEM education: a systematic review and meta-analysis on cognitive learning outcomes Original file: Relevant Papers 2022-26(1).docx | F42: 2026 | G42: Evidence of impact and interpretational limits of generative AI in STEM education: a systematic review and meta-analysis on cognitive learning outcomes | I42: https://doi.org/10.1007/s10462-026-11665-9 | J42: Journal article (source list; verify) | L42: Measuring understanding, reasoning and learning outcomes | M42: No | O42: Include | R42: Background | U42: Source-list summary (not verified against full text): Synthesises evidence on cognitive learning outcomes in STEM education. Helps interpret claims about learning improvements from GenAI. | W42: Imported from supplied paper list. Verify author(s), journal, year and DOI; retrieve full text, screen and extract supporting pages. No full-text review completed. 16/10/2026 relevance decision: Include. Relevant conceptual, learning-process, AI-literacy or institutional context; use as supporting evidence, not proof of assessment effectiveness. Revised strict-scope decision: Background only. Secondary synthesis or broad review; retain to frame or locate primary studies, outside the direct assessment-study synthesis. | AD42: =IF(G42="","",IF(F42="","",IF(AND(F42>=2022,F42<=2024),"Review 2026 applicability",""))) | AF42: =IF(G42="","",IF(I42="","",IF(COUNTIF($I$2:$I$100,I42)>1,"Check duplicate",""))) | AG42: =IF(G42="","",IF(M42="Yes","Duplicate",IF(OR(R42="",R42="Pending"),"Review pending",""))) | AL42: R96 | AX42: Background, outside main synthesis | AY42: Tighter relevance screen of supplied title, context and summary; not a new full-text assessment. | AZ42: Secondary synthesis or broad review; retain to frame or locate primary studies, outside the direct assessment-study synthesis. | BA42: Not independently checked against original full text.
A43: R42 | B43: 14/10/2026 | C43: User paper list, item 27 | D43: Does ChatGPT enhance student learning? A systematic review and meta-analysis of experimental studies Original file: Relevant Papers 2022-26(1).docx | F43: 2025 | G43: Does ChatGPT enhance student learning? A systematic review and meta-analysis of experimental studies | I43: https://doi.org/10.1016/j.compedu.2024.105224 | J43: Journal article (source list; verify) | L43: Measuring understanding, reasoning and learning outcomes | M43: No | O43: Include | R43: Background | U43: Source-list summary (not verified against full text): Combines results from experimental research on ChatGPT and student learning. Provides useful evidence on outcomes and study limitations. | W43: Imported from supplied paper list. Verify author(s), journal, year and DOI; retrieve full text, screen and extract supporting pages. No full-text review completed. 16/10/2026 relevance decision: Include. Relevant conceptual, learning-process, AI-literacy or institutional context; use as supporting evidence, not proof of assessment effectiveness. Revised strict-scope decision: Background only. Secondary synthesis or broad review; retain to frame or locate primary studies, outside the direct assessment-study synthesis. | AD43: =IF(G43="","",IF(F43="","",IF(AND(F43>=2022,F43<=2024),"Review 2026 applicability",""))) | AF43: =IF(G43="","",IF(I43="","",IF(COUNTIF($I$2:$I$100,I43)>1,"Check duplicate",""))) | AG43: =IF(G43="","",IF(M43="Yes","Duplicate",IF(OR(R43="",R43="Pending"),"Review pending",""))) | AL43: R96 | AX43: Background, outside main synthesis | AY43: Tighter relevance screen of supplied title, context and summary; not a new full-text assessment. | AZ43: Secondary synthesis or broad review; retain to frame or locate primary studies, outside the direct assessment-study synthesis. | BA43: Not independently checked against original full text.
A44: R43 | B44: 14/10/2026 | C44: User paper list, item 28 | D44: Measuring undergraduate students’ reliance on Generative AI during problem-solving: Scale development and validation Original file: Relevant Papers 2022-26(1).docx | F44: 2025 | G44: Measuring undergraduate students’ reliance on Generative AI during problem-solving: Scale development and validation | I44: https://doi.org/10.1016/j.compedu.2025.105329 | J44: Journal article (source list; verify) | L44: Measuring understanding, reasoning and learning outcomes | M44: No | O44: Include | R44: Background | U44: Source-list summary (not verified against full text): Develops a measure of students’ reliance on GenAI during problem-solving. Relevant to investigating overdependence and independence. | W44: Imported from supplied paper list. Verify author(s), journal, year and DOI; retrieve full text, screen and extract supporting pages. No full-text review completed. 16/10/2026 relevance decision: Include. Relevant conceptual, learning-process, AI-literacy or institutional context; use as supporting evidence, not proof of assessment effectiveness. Revised strict-scope decision: Background only. Broad AI, learning, literacy or policy context, or insufficient direct assessment-design evidence in the supplied summary; retain for background only. | AD44: =IF(G44="","",IF(F44="","",IF(AND(F44>=2022,F44<=2024),"Review 2026 applicability",""))) | AF44: =IF(G44="","",IF(I44="","",IF(COUNTIF($I$2:$I$100,I44)>1,"Check duplicate",""))) | AG44: =IF(G44="","",IF(M44="Yes","Duplicate",IF(OR(R44="",R44="Pending"),"Review pending",""))) | AL44: R96 | AX44: Background, outside main synthesis | AY44: Tighter relevance screen of supplied title, context and summary; not a new full-text assessment. | AZ44: Broad AI, learning, literacy or policy context, or insufficient direct assessment-design evidence in the supplied summary; retain for background only. | BA44: Not independently checked against original full text.
A45: R44 | B45: 14/10/2026 | C45: User paper list, item 29 | D45: ChatGPT in the Classroom: Evaluating its Role in Fostering Critical Evaluation Skills Original file: Relevant Papers 2022-26(1).docx | F45: 2025 | G45: ChatGPT in the Classroom: Evaluating its Role in Fostering Critical Evaluation Skills | I45: https://doi.org/10.1007/s40593-024-00452-8 | J45: Journal article (source list; verify) | L45: Measuring understanding, reasoning and learning outcomes | M45: No | O45: Include | R45: Background | U45: Source-list summary (not verified against full text): Examines critical evaluation skills in activities involving ChatGPT. Supports testing students’ ability to challenge and verify AI suggestions. | W45: Imported from supplied paper list. Verify author(s), journal, year and DOI; retrieve full text, screen and extract supporting pages. No full-text review completed. 16/10/2026 relevance decision: Include. Relevant conceptual, learning-process, AI-literacy or institutional context; use as supporting evidence, not proof of assessment effectiveness. Revised strict-scope decision: Background only. Broad AI, learning, literacy or policy context, or insufficient direct assessment-design evidence in the supplied summary; retain for background only. | AD45: =IF(G45="","",IF(F45="","",IF(AND(F45>=2022,F45<=2024),"Review 2026 applicability",""))) | AF45: =IF(G45="","",IF(I45="","",IF(COUNTIF($I$2:$I$100,I45)>1,"Check duplicate",""))) | AG45: =IF(G45="","",IF(M45="Yes","Duplicate",IF(OR(R45="",R45="Pending"),"Review pending",""))) | AL45: R96 | AX45: Background, outside main synthesis | AY45: Tighter relevance screen of supplied title, context and summary; not a new full-text assessment. | AZ45: Broad AI, learning, literacy or policy context, or insufficient direct assessment-design evidence in the supplied summary; retain for background only. | BA45: Not independently checked against original full text.
... A66: R65 | B66: 14/10/2026 | C66: User paper list, item 50 | D66: ChatGPT in the higher education: A systematic literature review and research challenges Original file: Relevant Papers 2022-26(1).docx | F66: 2024 | G66: ChatGPT in the higher education: A systematic literature review and research challenges | I66: https://doi.org/10.1016/j.ijer.2024.102411 | J66: Journal article (source list; verify) | L66: AI literacy, metacognition and responsible GenAI integration | M66: No | O66: Include | R66: Background | U66: Source-list summary (not verified against full text): Synthesises higher education research on ChatGPT and outstanding challenges. Helps situate the project within wider GenAI education research. | W66: Imported from supplied paper list. Verify author(s), journal, year and DOI; retrieve full text, screen and extract supporting pages. No full-text review completed. 16/10/2026 relevance decision: Include. Relevant conceptual, learning-process, AI-literacy or institutional context; use as supporting evidence, not proof of assessment effectiveness. Revised strict-scope decision: Background only. Secondary synthesis or broad review; retain to frame or locate primary studies, outside the direct assessment-study synthesis. | AD66: =IF(G66="","",IF(F66="","",IF(AND(F66>=2022,F66<=2024),"Review 2026 applicability",""))) | AF66: =IF(G66="","",IF(I66="","",IF(COUNTIF($I$2:$I$100,I66)>1,"Check duplicate",""))) | AG66: =IF(G66="","",IF(M66="Yes","Duplicate",IF(OR(R66="",R66="Pending"),"Review pending",""))) | AL66: R96 | AX66: Background, outside main synthesis | AY66: Tighter relevance screen of supplied title, context and summary; not a new full-text assessment. | AZ66: Secondary synthesis or broad review; retain to frame or locate primary studies, outside the direct assessment-study synthesis. | BA66: Not independently checked against original full text.
A67: R66 | B67: 14/10/2026 | C67: tables.docx, entry 3 | D67: The Role of Artificial Intelligence in Computer Science Education: A Systematic Review with a Focus on Database Instruction Source file: tables.docx | E67: Gaitantzi & Kazanidis | F67: 2025 | G67: The Role of Artificial Intelligence in Computer Science Education: A Systematic Review with a Focus on Database Instruction | H67: Applied Sciences, Volume 15, Issue 7, Article 3960 | I67: https://www.mdpi.com/3255354 | J67: Journal article | K67: PRISMA-based systematic literature review of 31 empirical studies published between 2020 and 2025. | L67: Useful for connecting assessment recommendations to database education and computer science learning outcomes. Discipline: Computer Science and Database Education. | M67: No | O67: Include | R67: Background | S67: High | U67: Extraction supplied in tables.docx (not independently verified): AI chatbots, intelligent tutoring systems and code generators can support personalized learning, immediate feedback and problem-solving. Risks include inaccurate outputs, student dependence and academic integrity concerns. | W67: Detailed extraction imported from tables.docx. Source recommendation retained separately; verify against full text before final screening. Also listed in tables.pdf, entry 3. Existing extraction retained. 16/10/2026 relevance decision: Include. Relevant conceptual, learning-process, AI-literacy or institutional context; use as supporting evidence, not proof of assessment effectiveness. Revised strict-scope decision: Background only. Secondary synthesis or broad review; retain to frame or locate primary studies, outside the direct assessment-study synthesis. | AD67: =IF(G67="","",IF(F67="","",IF(AND(F67>=2022,F67<=2024),"Review 2026 applicability",""))) | AE67: =IF(G67="","",IF(OR(E67="",F67="",I67="",V67=""),"Missing author/year/link/screener","")) | AF67: =IF(G67="","",IF(I67="","",IF(COUNTIF($I$2:$I$100,I67)>1,"Check duplicate",""))) | AG67: =IF(G67="","",IF(M67="Yes","Duplicate",IF(OR(R67="",R67="Pending"),"Review pending",""))) | AL67: R96 | AO67: Examines AI integration into computer science teaching, especially database instruction. Assessment-related applications are discussed, but the paper does not directly evaluate one of the eight assessment strategies. | AP67: AI-assisted formative assessment and feedback alongside tasks that require independent database problem-solving and reasoning. | AQ67: Mixed, GenAI, ChatGPT and other AI educational systems. | AR67: Useful for connecting assessment recommendations to database education and computer science learning outcomes. Discipline: Computer Science and Database Education. | AS67: Database-specific evidence is limited, and the review focuses primarily on teaching and learning rather than comparing assessment security strategies. | AT67: Include (supporting), computing-specific contextual evidence. | AX67: Background, outside main synthesis | AY67: Tighter relevance screen of supplied title, context and summary; not a new full-text assessment. | AZ67: Secondary synthesis or broad review; retain to frame or locate primary studies, outside the direct assessment-study synthesis. | BA67: Not independently checked against original full text.
A68: R67 | B68: 14/10/2026 | C68: tables.docx, entry 4 | D68: Artificial Intelligence for Computer Science Education in Higher Education: A Systematic Review of Empirical Research Published in 2003-2023 Source file: tables.docx | E68: Zhu & Zhang | F68: 2025 | G68: Artificial Intelligence for Computer Science Education in Higher Education: A Systematic Review of Empirical Research Published in 2003-2023 | H68: Technology, Knowledge and Learning, Volume 30, pp. 2417-2441 | I68: https://doi.org/10.1007/s10758-025-09859-1 | J68: Journal article | K68: Systematic review of 20 empirical studies from 2003-2023, using bibliometric analysis, content analysis and categorical trend analysis. | L68: Strong disciplinary match. Also useful as a methodological reference for searching ACM Digital Library, IEEE Xplore and Web of Science. Discipline: University Computer Science Education. | M68: No | O68: Include | R68: Background | S68: Medium | U68: Extraction supplied in tables.docx (not independently verified): Identifies applications and potential educational benefits of AI in computer science, along with practical implementation issues, research gaps and equity considerations. | W68: Detailed extraction imported from tables.docx. Source recommendation retained separately; verify against full text before final screening. Also listed in tables.pdf, entry 4. Existing extraction retained. 16/10/2026 relevance decision: Include. Relevant conceptual, learning-process, AI-literacy or institutional context; use as supporting evidence, not proof of assessment effectiveness. Revised strict-scope decision: Background only. Secondary synthesis or broad review; retain to frame or locate primary studies, outside the direct assessment-study synthesis. | AD68: =IF(G68="","",IF(F68="","",IF(AND(F68>=2022,F68<=2024),"Review 2026 applicability",""))) | AE68: =IF(G68="","",IF(OR(E68="",F68="",I68="",V68=""),"Missing author/year/link/screener","")) | AF68: =IF(G68="","",IF(I68="","",IF(COUNTIF($I$2:$I$100,I68)>1,"Check duplicate",""))) | AG68: =IF(G68="","",IF(M68="Yes","Duplicate",IF(OR(R68="",R68="Pending"),"Review pending",""))) | AL68: R96 | AO68: Reviews the applications, benefits and challenges of AI in university computer science education. Provides background for programming and unsupervised learning assessments, but does not directly evaluate the eight assessment categories. | AP68: Evidence-informed AI integration, formative assessment and feedback, with assessment tasks aligned to computing learning outcomes. | AQ68: Mostly broader AI technologies, with limited modern GenAI-specific evidence because of the review period. | AR68: Strong disciplinary match. Also useful as a methodological reference for searching ACM Digital Library, IEEE Xplore and Web of Science. Discipline: University Computer Science Education. | AS68: Small evidence base of 20 studies, broad AI focus and limited post-2022 GenAI research. | AT68: Include (supporting), particularly for research background and methodology. | AX68: Background, outside main synthesis | AY68: Tighter relevance screen of supplied title, context and summary; not a new full-text assessment. | AZ68: Secondary synthesis or broad review; retain to frame or locate primary studies, outside the direct assessment-study synthesis. | BA68: Not independently checked against original full text.
A69: R68 | B69: 14/10/2026 | C69: tables.docx, entry 5 | D69: Assessment Reform for the Age of Artificial Intelligence Source file: tables.docx | E69: Lodge, Howard, Bearman, Dawson and collaborators | F69: 2023 | G69: Assessment Reform for the Age of Artificial Intelligence | H69: Not a journal article. Expert guidance report commissioned by Australia's Tertiary Education Quality and Standards Agency (TEQSA). | J69: Guidance report | K69: Expert collaborative guidance document informed by research, theory and educational practice. Not a primary empirical study or systematic review. | L69: Highly relevant to the project's conceptual framework and Australian university context. Discipline: Cross-disciplinary Higher Education, applicable to Computing/IT. | M69: No | O69: Include | R69: Background | S69: High | U69: Extraction supplied in tables.docx (not independently verified): Traditional assessment approaches face increased challenges from GenAI. Reliable detection of AI-generated work is difficult, and assessment reform requires coordinated, context-sensitive design rather than a single universal solution. | W69: Detailed extraction imported from tables.docx. Source recommendation retained separately; verify against full text before final screening. Also listed in tables.pdf, entry 5. Existing extraction retained. 16/10/2026 relevance decision: Include. TEQSA assessment-reform guidance supports Australian policy framing; not a primary empirical assessment study. Revised strict-scope decision: Background only. Broad AI, learning, literacy or policy context, or insufficient direct assessment-design evidence in the supplied summary; retain for background only. | AD69: =IF(G69="","",IF(F69="","",IF(AND(F69>=2022,F69<=2024),"Review 2026 applicability",""))) | AE69: =IF(G69="","",IF(OR(E69="",F69="",I69="",V69=""),"Missing author/year/link/screener","")) | AF69: =IF(G69="","",IF(I69="","",IF(COUNTIF($I$2:$I$100,I69)>1,"Check duplicate",""))) | AG69: =IF(G69="","",IF(M69="Yes","Duplicate",IF(OR(R69="",R69="Pending"),"Review pending",""))) | AL69: R96 | AO69: Discusses the need to reform higher-education assessment in response to GenAI, including maintaining confidence in students' learning. Relevant across supervised, unsupervised, authentic and secure assessment design, rather than empirically testing a single category. | AP69: Programme-level assessment redesign, combining opportunities for authentic learning with assessment tasks that provide trustworthy evidence of individual achievement. | AQ69: Direct, GenAI's implications for higher-education assessment. | AR69: Highly relevant to the project's conceptual framework and Australian university context. Discipline: Cross-disciplinary Higher Education, applicable to Computing/IT. | AS69: Not computing-specific; provides expert guidance rather than direct empirical comparisons of assessment strategies. | AT69: Include (core guidance), use for conceptual and policy framing, not as a primary empirical study. | AX69: Background, outside main synthesis | AY69: Tighter relevance screen of supplied title, context and summary; not a new full-text assessment. | AZ69: Broad AI, learning, literacy or policy context, or insufficient direct assessment-design evidence in the supplied summary; retain for background only. | BA69: Not independently checked against original full text.
A70: R69 | B70: 14/10/2026 | C70: tables.docx, entry 6 | D70: Redesigning Assessment for the AI Era: Design Principles for Data and Information Curriculum in Secondary Education Source file: tables.docx | E70: Eyal and Ronit | F70: 2025 | G70: Redesigning Assessment for the AI Era: Design Principles for Data and Information Curriculum in Secondary Education | H70: Research Square preprint, posted 3 September 2025. Peer-reviewed journal publication not established from the uploaded version. | I70: https://www.researchgate.net/publication/395264050_Redesigning_Assessment_for_the_AI_Era_Design_Principles_for_Data_and_Information_Curriculum_in_Secondary_Education | J70: Preprint | K70: Iterative Design-Delphi study involving 31 participants, including teachers, data analysts and AI education specialists. | L70: Provides assessment-design ideas potentially transferable to computing and data science. Discipline: Secondary Education, Information and Data Curriculum. | M70: No | O70: Exclude | Q70: E1 | R70: Exclude | S70: Medium | U70: Extraction supplied in tables.docx (not independently verified): Identifies competencies such as prompt engineering, critical evaluation and AI tool selection. Produces 24 practice assessment tasks, 13 question models and a four-phase implementation framework. | W70: Detailed extraction imported from tables.docx. Source recommendation retained separately; verify against full text before final screening. Also listed in tables.pdf, entry 6. Existing extraction retained. 16/10/2026 relevance decision: Exclude. Secondary-school setting; preprint design evidence retained for background only, outside the tertiary review sample. | AD70: =IF(G70="","",IF(F70="","",IF(AND(F70>=2022,F70<=2024),"Review 2026 applicability",""))) | AE70: =IF(G70="","",IF(OR(E70="",F70="",I70="",V70=""),"Missing author/year/link/screener","")) | AF70: =IF(G70="","",IF(I70="","",IF(COUNTIF($I$2:$I$100,I70)>1,"Check duplicate",""))) | AG70: =IF(G70="","",IF(M70="Yes","Duplicate",IF(OR(R70="",R70="Pending"),"Review pending",""))) | AL70: R96 | AO70: Develops assessment design principles for AI-integrated data and information education. Related to personalized tasks, practical assessments and AI-integrated unsupervised tasks, although it does not directly evaluate their comparative effectiveness. | AP70: AI-compatible tasks involving ambiguous problems, critical evaluation of AI outputs, metric construction and reasoning-based activities. | AQ70: Direct, redesigning assessment for environments where GenAI tools are available. | AR70: Provides assessment-design ideas potentially transferable to computing and data science. Discipline: Secondary Education, Information and Data Curriculum. | AS70: Focuses on secondary education rather than university Computing/IT. Delphi-based design findings do not establish actual assessment effectiveness or security. Uploaded version is a preprint. | AT70: I think we should but its used on secondary level Conditional, retain as transferable design evidence only if your protocol permits secondary-education sources. Otherwise exclude from the main review and use as background. | AX70: Background only / outside sample | AY70: Assistant relevance assessment of supplied title and summary; user authorised selection. | AZ70: Secondary-school setting; preprint design evidence retained for background only, outside the tertiary review sample. | BA70: Not independently checked against original full text.
A71: R70 | B71: 14/10/2026 | C71: tables.docx, entry 7 | D71: Integrating Artificial Intelligence in Higher Education: Perceptions, Challenges, and Strategies for Academic Innovation Source file: tables.docx | E71: Schmidt, Alboloushi, Thomas & Magalhaes | F71: 2025 | G71: Integrating Artificial Intelligence in Higher Education: Perceptions, Challenges, and Strategies for Academic Innovation | H71: Computers and Education Open, Volume 9, Article 100274 | I71: https://doi.org/10.1016/j.caeo.2025.100274 | J71: Journal article | K71: Qualitative empirical research using focus-group interviews and open-ended questionnaires with higher-education participants. | L71: Helps explain institutional challenges when introducing AI into assessment. Context: Higher Education in Kuwait, not specifically Computing/IT assessment. | M71: No | O71: Include | R71: Background | S71: Medium | U71: Extraction supplied in tables.docx (not independently verified): Faculty and students recognize AI's educational benefits but express concerns about critical thinking, integrity, accuracy and ethical use. The study highlights the need for guidance, awareness and professional development. | W71: Detailed extraction imported from tables.docx. Source recommendation retained separately; verify against full text before final screening. Also listed in tables.pdf, entry 7. Existing extraction retained. 16/10/2026 relevance decision: Include. Relevant conceptual, learning-process, AI-literacy or institutional context; use as supporting evidence, not proof of assessment effectiveness. Revised strict-scope decision: Background only. Broad AI, learning, literacy or policy context, or insufficient direct assessment-design evidence in the supplied summary; retain for background only. | AD71: =IF(G71="","",IF(F71="","",IF(AND(F71>=2022,F71<=2024),"Review 2026 applicability",""))) | AE71: =IF(G71="","",IF(OR(E71="",F71="",I71="",V71=""),"Missing author/year/link/screener","")) | AF71: =IF(G71="","",IF(I71="","",IF(COUNTIF($I$2:$I$100,I71)>1,"Check duplicate",""))) | AG71: =IF(G71="","",IF(M71="Yes","Duplicate",IF(OR(R71="",R71="Pending"),"Review pending",""))) | AL71: R96 | AO71: Investigates how AI is integrated into higher education and how students and faculty perceive its benefits, risks and challenges. Relevant to AI-use declarations and unsupervised assessment as background, but does not directly evaluate either strategy. | AP71: Clear AI-use guidance, responsible AI integration, academic integrity policies and appropriate AI-supported assessment practices. | AQ71: Direct and broader AI context, includes generative AI and other AI applications in education. | AR71: Helps explain institutional challenges when introducing AI into assessment. Context: Higher Education in Kuwait, not specifically Computing/IT assessment. | AS71: Context-specific qualitative findings; does not directly compare the effectiveness of the eight assessment approaches. Limited generalizability to Australian computing programmes. | AT71: Include (supporting), useful for institutional context and AI policy discussions. | AX71: Background, outside main synthesis | AY71: Tighter relevance screen of supplied title, context and summary; not a new full-text assessment. | AZ71: Broad AI, learning, literacy or policy context, or insufficient direct assessment-design evidence in the supplied summary; retain for background only. | BA71: Not independently checked against original full text.
A72: R71 | B72: 14/10/2026 | C72: tables.docx, entry 8 | D72: Educational Effects of Animated Output and Application-Specific Commands in Programming Classes in the Age of Generative AI Source file: tables.docx | E72: Kazunari Ito | F72: 2026 | G72: Educational Effects of Animated Output and Application-Specific Commands in Programming Classes in the Age of Generative AI | H72: IEEE, 2026 14th International Conference on Information and Education Technology (ICIET). Peer-reviewed conference proceedings. | I72: https://doi.org/10.1109/ICIET69664.2026.11561661 | J72: Conference paper | K72: Exploratory single-group case study involving 44 third- and fourth-year undergraduate students at Aoyama Gakuin University, Japan. Conducted over 11 weeks in 2025. Mixed-method questionnaire with 5-point Likert-scale responses and open-ended qualitative feedback. No control group. | L72: Directly addresses authenticity and assessment security in AI-rich programming education. It offers an assessment-design approach that may encourage independent reasoning, debugging and verification. Context: Undergraduate programming education within an interdisciplinary Social Informatics course, using Python, JavaScript and other programming environments. | M72: No | O72: Include | R72: Include | S72: High | U72: Extraction supplied in tables.docx (not independently verified): 95% of students had attempted to generate complete code using GenAI. Students strongly agreed that AI-generated code required modification (mean 4.52/5) and that custom commands discouraged copy-and-paste submissions (mean 4.57/5). Students also reported deeper thinking (4.39/5) and improved debugging ability (4.18/5). These are perceived outcomes, not independently measured learning gains. | W72: Detailed extraction imported from tables.docx. Source recommendation retained separately; verify against full text before final screening. Also listed in tables.pdf, entry 8. Existing extraction retained. 16/10/2026 relevance decision: Include. Addresses assessment design, verification of understanding, assessment validity or integrity in AI-rich education. Revised strict-scope decision: Include in main synthesis. Direct higher-education Computing/IT evidence on assessment design, assessment security, integrity or verification of individual understanding. | AD72: =IF(G72="","",IF(F72="","",IF(AND(F72>=2022,F72<=2024),"Review 2026 applicability",""))) | AE72: =IF(G72="","",IF(OR(E72="",F72="",I72="",V72=""),"Missing author/year/link/screener","")) | AF72: =IF(G72="","",IF(I72="","",IF(COUNTIF($I$2:$I$100,I72)>1,"Check duplicate",""))) | AG72: =IF(G72="","",IF(M72="Yes","Duplicate",IF(OR(R72="",R72="Pending"),"Review pending",""))) | AL72: R96 | AO72: Evaluates whether programming assignments using custom commands and animated outputs can discourage students from directly copying AI-generated code and encourage independent problem-solving. Primary category: Unsupervised assessment. Secondary: Personalized/context-specific tasks and practical programming assignments. | AP72: Design programming assignments using application-specific commands, unfamiliar APIs, custom programming environments and visual outputs. Students must understand, test and debug their solutions instead of relying entirely on AI-generated code. | AQ72: Direct, students were permitted to use GenAI tools such as ChatGPT, but unfamiliar application-specific commands made generated solutions less immediately usable. | AR72: Directly addresses authenticity and assessment security in AI-rich programming education. It offers an assessment-design approach that may encourage independent reasoning, debugging and verification. Context: Undergraduate programming education within an interdisciplinary Social Informatics course, using Python, JavaScript and other programming environments. | AS72: Small sample (44 students), single university, no control group, reliance on self-reported perceptions, and no objective comparison of learning gains. Its resistance to GenAI may also decrease as AI tools improve or gain access to custom API documentation. | AT72: Include, relevant to AI-resistant unsupervised programming assessment and practical task design. | AX72: Main synthesis, assessment evidence | AY72: Tighter relevance screen of supplied title, context and summary; not a new full-text assessment. | AZ72: Direct higher-education Computing/IT evidence on assessment design, assessment security, integrity or verification of individual understanding. | BA72: Not independently checked against original full text.
A73: R72 | B73: 14/10/2026 | C73: tables.docx, entry 9 | D73: Work in Progress: Integration of AI Tools on an Open-ended Computer Programming Project Source file: tables.docx | E73: Emily Hammond & Courtney Faber | F73: 2024 | G73: Work in Progress: Integration of AI Tools on an Open-ended Computer Programming Project | H73: IEEE 2024 Frontiers in Education Conference (FIE). Conference proceedings. | I73: https://doi.org/10.1109/FIE61694.2024.10892956 | J73: Conference paper | K73: Work-in-progress innovative-practice paper describing one instructor's classroom implementation and reflections. It reports observations and comparisons with previous semesters, but does not present a controlled experiment or rigorous quantitative evaluation. | L73: Directly demonstrates an approach to authentic assessment in AI-rich computing education: open-ended tasks, practical demonstrations and transparent AI-use documentation. Context: Undergraduate introductory C/C++ programming, primarily second-year electrical engineering students at the University at Buffalo, USA. | M73: No | O73: Include | R73: Background | S73: High | U73: Extraction supplied in tables.docx (not independently verified): Students commonly used AI for starting projects, debugging and implementing difficult programming concepts. The instructor reported more creative and varied projects. Second-exam scores were higher than expected, but the authors explicitly state that they cannot determine whether AI use or the project caused this improvement. Students struggled to document AI use consistently. | W73: Detailed extraction imported from tables.docx. Source recommendation retained separately; verify against full text before final screening. Also listed in tables.pdf, entry 9. Existing extraction retained. 16/10/2026 relevance decision: Include. Addresses assessment design, verification of understanding, assessment validity or integrity in AI-rich education. Revised strict-scope decision: Background only. Engineering-course context rather than the strict Computing/IT programme scope; retain as adjacent-discipline background. | AD73: =IF(G73="","",IF(F73="","",IF(AND(F73>=2022,F73<=2024),"Review 2026 applicability",""))) | AE73: =IF(G73="","",IF(OR(E73="",F73="",I73="",V73=""),"Missing author/year/link/screener","")) | AF73: =IF(G73="","",IF(I73="","",IF(COUNTIF($I$2:$I$100,I73)>1,"Check duplicate",""))) | AG73: =IF(G73="","",IF(M73="Yes","Duplicate",IF(OR(R73="",R73="Pending"),"Review pending",""))) | AL73: R96 | AO73: Explores integrating GenAI into an open-ended university programming project. Relevant to unsupervised assessment, practical demonstrations, process evidence and AI-use declarations. | AP73: Assign open-ended programming projects with flexible requirements. Allow students to use AI for support while requiring a working program, an 8-10-minute recorded code demonstration and documentation of AI prompts and responses. | AQ73: Direct, students could use ChatGPT and similar AI tools for the open-ended project, but not for weekly homework assignments. | AR73: Directly demonstrates an approach to authentic assessment in AI-rich computing education: open-ended tasks, practical demonstrations and transparent AI-use documentation. Context: Undergraduate introductory C/C++ programming, primarily second-year electrical engineering students at the University at Buffalo, USA. | AS73: Work-in-progress paper; small single-course implementation (typically 25-35 students); largely instructor-reported observations; no control group; different projects and exam conditions across semesters; limited evidence that the approach actually improves learning or prevents misconduct. | AT73: Include, as preliminary practice-based evidence, subject to your review's inclusion criteria for work-in-progress conference papers. | AX73: Background, outside main synthesis | AY73: Tighter relevance screen of supplied title, context and summary; not a new full-text assessment. | AZ73: Engineering-course context rather than the strict Computing/IT programme scope; retain as adjacent-discipline background. | BA73: Not independently checked against original full text.
A74: R73 | B74: 14/10/2026 | C74: tables.docx, entry 10 | D74: Adapting to AI: Innovative Approaches for Homework in Computer Science Education Source file: tables.docx | E74: James Anderson & Schinnel Small | F74: 2025 | G74: Adapting to AI: Innovative Approaches for Homework in Computer Science Education | H74: IEEE 2025 Frontiers in Education Conference (FIE). Conference proceedings | I74: https://doi.org/10.1109/FIE63693.2025.11328265 | J74: Conference paper | K74: Work-in-progress innovative-practice paper with a small illustrative comparison. The authors submitted two introductory Python programming questions to ChatGPT-4o and compared the generated solutions with instructor/textbook solutions. No student intervention or controlled evaluation is reported. | L74: Directly addresses authentic and secure assessment design in AI-rich computing education. It proposes practical approaches for making unsupervised programming homework more dependent on student understanding. Discipline: Undergraduate Computer Science, introductory Python programming. | M74: No | O74: Include | R74: Include | S74: High | U74: Extraction supplied in tables.docx (not independently verified): ChatGPT produced functionally correct solutions to both programming problems, often using more advanced structures than expected for beginners. The authors argue that assignments involving specific course knowledge, ambiguity and open-ended decisions may make direct AI-generated solutions less suitable. These redesign recommendations were not experimentally validated. | W74: Detailed extraction imported from tables.docx. Source recommendation retained separately; verify against full text before final screening. Also listed in tables.pdf, entry 10. Existing extraction retained. 16/10/2026 relevance decision: Include. Addresses assessment design, verification of understanding, assessment validity or integrity in AI-rich education. Revised strict-scope decision: Include in main synthesis. Computing homework redesign and illustrative AI performance comparison; preliminary design evidence. | AD74: =IF(G74="","",IF(F74="","",IF(AND(F74>=2022,F74<=2024),"Review 2026 applicability",""))) | AE74: =IF(G74="","",IF(OR(E74="",F74="",I74="",V74=""),"Missing author/year/link/screener","")) | AF74: =IF(G74="","",IF(I74="","",IF(COUNTIF($I$2:$I$100,I74)>1,"Check duplicate",""))) | AG74: =IF(G74="","",IF(M74="Yes","Duplicate",IF(OR(R74="",R74="Pending"),"Review pending",""))) | AL74: R96 | AO74: Investigates how GenAI can complete conventional introductory programming homework and proposes ways to redesign assignments. Primary: Unsupervised Assessment. Secondary: Personalized Tasks. | AP74: Create homework requiring course-specific knowledge, lecture-based context, open-ended requirements, ambiguity and individual student decisions. Design tasks that require students to interpret requirements and justify their choices. | AQ74: Direct, ChatGPT-4o is used to generate Python solutions. The discussion also refers to other GenAI tools. | AR74: Directly addresses authentic and secure assessment design in AI-rich computing education. It proposes practical approaches for making unsupervised programming homework more dependent on student understanding. Discipline: Undergraduate Computer Science, introductory Python programming. | AS74: Only two illustrative programming tasks; one AI model tested; no student sample; no measured learning outcomes; no evaluation of whether the proposed redesign strategies resist modern GenAI; differences in coding style cannot reliably establish AI authorship. | AT74: Include (supporting/design evidence), subject to your review protocol allowing WIP conference papers. | AX74: Main synthesis, design / preliminary evidence | AY74: Tighter relevance screen of supplied title, context and summary; not a new full-text assessment. | AZ74: Computing homework redesign and illustrative AI performance comparison; preliminary design evidence. | BA74: Not independently checked against original full text.
A75: R74 | B75: 14/10/2026 | C75: tables.docx, entry 11 | D75: Does ChatGPT Help With Introductory Programming? An Experiment of Students Using ChatGPT in CS1 Source file: tables.docx | E75: Xue et al. | F75: 2024 | G75: Does ChatGPT Help With Introductory Programming? An Experiment of Students Using ChatGPT in CS1 | H75: 46th International Conference on Software Engineering: Software Engineering Education and Training (ICSE-SEET 2024), ACM/IEEE. | I75: https://doi.org/10.1145/3639474.3640076 | J75: Conference paper | K75: Controlled experimental study with 56 CS1 students. Students completed UML design, Java programming and closed-book post-evaluation tasks. Data included assignment scores, approximately 65.5 hours of screen recordings from 48 students, completion times and student surveys. | L75: Direct empirical evidence from university-level introductory Computer Science (CS1). Demonstrates why completed programming assignments alone may not be sufficient evidence of independent understanding when AI assistance is available. | M75: No | O75: Include | R75: Background | S75: High | U75: Extraction supplied in tables.docx (not independently verified): ChatGPT use showed no statistically significant improvement in programming scores or closed-book evaluation performance. Students using ChatGPT tended to consult fewer traditional educational resources. Greater reliance on ChatGPT did not guarantee better learning outcomes. | W75: Detailed extraction imported from tables.docx. Source recommendation retained separately; verify against full text before final screening. Also listed in tables.pdf, entry 11. Existing extraction retained. 16/10/2026 relevance decision: Include. Relevant conceptual, learning-process, AI-literacy or institutional context; use as supporting evidence, not proof of assessment effectiveness. Revised strict-scope decision: Background only. Broad AI, learning, literacy or policy context, or insufficient direct assessment-design evidence in the supplied summary; retain for background only. | AD75: =IF(G75="","",IF(F75="","",IF(AND(F75>=2022,F75<=2024),"Review 2026 applicability",""))) | AE75: =IF(G75="","",IF(OR(E75="",F75="",I75="",V75=""),"Missing author/year/link/screener","")) | AF75: =IF(G75="","",IF(I75="","",IF(COUNTIF($I$2:$I$100,I75)>1,"Check duplicate",""))) | AG75: =IF(G75="","",IF(M75="Yes","Duplicate",IF(OR(R75="",R75="Pending"),"Review pending",""))) | AL75: R96 | AO75: Examines the effect of ChatGPT on introductory programming students' assignment performance, independent understanding and learning behaviors. Primary: Unsupervised assessment. Secondary: Supervised/closed-book verification and process evidence. | AP75: Combine programming assignments where GenAI may be permitted with an independent closed-book evaluation to check students' understanding. Screen recordings can provide process evidence of how students completed their work. | AQ75: Direct use of ChatGPT-3.5 for UML design, Java code generation, debugging and conceptual explanations. | AR75: Direct empirical evidence from university-level introductory Computer Science (CS1). Demonstrates why completed programming assignments alone may not be sufficient evidence of independent understanding when AI assistance is available. | AS75: Small sample of 56 participants, with only 11 actually using ChatGPT. One university, short-term tasks, voluntary participation, uneven final group sizes and possible behavioral changes caused by screen recording. The study did not directly measure cheating prevention. | AT75: Include, primary empirical evidence, assuming it meets your final eligibility criteria. | AX75: Background, outside main synthesis | AY75: Tighter relevance screen of supplied title, context and summary; not a new full-text assessment. | AZ75: Broad AI, learning, literacy or policy context, or insufficient direct assessment-design evidence in the supplied summary; retain for background only. | BA75: Not independently checked against original full text.
A76: R75 | B76: 14/10/2026 | C76: tables.docx, entry 12 | D76: Toward Human-AI Collaboration: A Recommender System to Support CS1 Instructors to Select Problems for Assignments and Exams Source file: tables.docx | E76: Filipe Dwan Pereira et al. | F76: 2023 | G76: Toward Human-AI Collaboration: A Recommender System to Support CS1 Instructors to Select Problems for Assignments and Exams | H76: IEEE Transactions on Learning Technologies, Volume 16, Issue 3, June 2023. Peer-reviewed journal article. | I76: https://doi.org/10.1109/TLT.2022.3224121 | J76: Journal article | K76: Empirical quantitative study involving programming activity data from 2,714 CS1 students and 1,026 distinct programming problems. The researchers developed an AI-based recommender using programming behavior, topic classification and similarity analysis. They evaluated recommendations against an existing method through a blind experiment involving 35 CS1 instructors. | L76: Provides computing-specific empirical evidence for designing personalized and varied programming assessments. It helps address assessment fairness, reducing opportunities for copying, maintaining equivalent difficulty and reducing instructor workload. Discipline: Undergraduate Computer Science (CS1), introductory Python programming at the Federal University of Amazonas, Brazil. | M76: No | O76: Include | R76: Background | S76: High | U76: Extraction supplied in tables.docx (not independently verified): The proposed system achieved approximately 88% accuracy in recommending equivalent programming questions and significantly outperformed the baseline. It also produced better matches for programming topic, coding effort, expected completion time and submission success rates. | W76: Detailed extraction imported from tables.docx. Source recommendation retained separately; verify against full text before final screening. Also listed in tables.pdf, entry 12. Existing extraction retained. 16/10/2026 relevance decision: Include. Computing assessment task selection and variation; broader AI evidence, not a direct GenAI intervention. Revised strict-scope decision: Background only. Broad AI, learning, literacy or policy context, or insufficient direct assessment-design evidence in the supplied summary; retain for background only. | AD76: =IF(G76="","",IF(F76="","",IF(AND(F76>=2022,F76<=2024),"Review 2026 applicability",""))) | AE76: =IF(G76="","",IF(OR(E76="",F76="",I76="",V76=""),"Missing author/year/link/screener","")) | AF76: =IF(G76="","",IF(I76="","",IF(COUNTIF($I$2:$I$100,I76)>1,"Check duplicate",""))) | AG76: =IF(G76="","",IF(M76="Yes","Duplicate",IF(OR(R76="",R76="Pending"),"Review pending",""))) | AL76: R96 | AO76: Investigates how an AI-powered recommendation system can help Computer Science instructors select equivalent programming questions for assignments and exams. Primary category: Personalized Tasks. Secondary: Unsupervised Assessment, Supervised Assessment and Process Evidence. | AP76: Use an AI-supported question recommendation system to generate different versions of programming assignments and exams. Questions should cover the same programming concepts and require comparable effort. Instructors review and approve the recommended questions to maintain fairness. | AQ76: Indirect, Not GenAI-specific. The study uses traditional AI, machine learning and natural language processing to assist instructors. It does not investigate ChatGPT, AI-generated student submissions or GenAI-related academic misconduct. | AR76: Provides computing-specific empirical evidence for designing personalized and varied programming assessments. It helps address assessment fairness, reducing opportunities for copying, maintaining equivalent difficulty and reducing instructor workload. Discipline: Undergraduate Computer Science (CS1), introductory Python programming at the Federal University of Amazonas, Brazil. | AS76: Does not directly evaluate GenAI-related cheating or academic integrity outcomes. Only 35 instructors participated in the evaluation, and each recommended problem pair was assessed by one instructor. The study did not directly test learning outcomes with students completing the recommended questions. The system also requires historical programming activity data to estimate problem difficulty. | AT76: Include (supporting empirical evidence), particularly for personalized tasks, assessment variation and fairness. If your review requires direct GenAI-related assessment evidence, retain it as background literature rather than part of the primary synthesis. | AX76: Background, outside main synthesis | AY76: Tighter relevance screen of supplied title, context and summary; not a new full-text assessment. | AZ76: Broad AI, learning, literacy or policy context, or insufficient direct assessment-design evidence in the supplied summary; retain for background only. | BA76: Not independently checked against original full text.
A77: R76 | B77: 14/10/2026 | C77: tables.docx, entry 13 | D77: AI-Assisted Assessment: A Dual Perspective on Effective Usage Plans for Students and Teachers Source file: tables.docx | E77: José Manuel Martins Ferreira | F77: 2025 | G77: AI-Assisted Assessment: A Dual Perspective on Effective Usage Plans for Students and Teachers | H77: IEEE Global Engineering Education Conference (EDUCON 2025). Conference proceedings | I77: https://doi.org/10.1109/EDUCON62633.2025.11016448 | J77: Conference paper | K77: Empirical educational case study using a Master's-level Hardware/Software Codesign course at the University of South-Eastern Norway. The class included 30 students organized into 8 project groups. Researchers compared NotebookLM grading recommendations with teacher grades and repeated AI grading to examine consistency. A student questionnaire collected 19 responses (63% of the class). | L77: Highly relevant. It provides real-world evidence of how assessment can be conducted when students use GenAI for computing assignments. It supports research into AI-use transparency, fair grading, project-based assessment and maintaining human responsibility for evaluation. Discipline: Computer Science, Master's-level Hardware/Software Codesign, including C programming, VHDL, RISC-V-based architectures and hardware/software implementation. | M77: No | O77: Include | R77: Include | S77: High | U77: Extraction supplied in tables.docx (not independently verified): NotebookLM generated detailed grading explanations and demonstrated consistency across repeated evaluations: 71.4% of individual criterion grades matched exactly across two runs. However, AI-generated grades sometimes differed considerably from teacher grades, partly because NotebookLM could not access all supporting materials. 68.4% of questionnaire respondents preferred AI-assisted grading over human-only grading, although satisfaction with the AI's actual grading was more limited. Transparency, fairness and human oversight were essential. | W77: Detailed extraction imported from tables.docx. Source recommendation retained separately; verify against full text before final screening. Also listed in tables.pdf, entry 13. Existing extraction retained. 16/10/2026 relevance decision: Include. Addresses assessment design, verification of understanding, assessment validity or integrity in AI-rich education. Revised strict-scope decision: Include in main synthesis. Direct higher-education Computing/IT evidence on assessment design, assessment security, integrity or verification of individual understanding. | AD77: =IF(G77="","",IF(F77="","",IF(AND(F77>=2022,F77<=2024),"Review 2026 applicability",""))) | AE77: =IF(G77="","",IF(OR(E77="",F77="",I77="",V77=""),"Missing author/year/link/screener","")) | AF77: =IF(G77="","",IF(I77="","",IF(COUNTIF($I$2:$I$100,I77)>1,"Check duplicate",""))) | AG77: =IF(G77="","",IF(M77="Yes","Duplicate",IF(OR(R77="",R77="Pending"),"Review pending",""))) | AL77: R96 | AO77: Investigates how GenAI can support students during learning and project assignments while also helping teachers evaluate student work. It examines Google NotebookLM as an AI-assisted grading tool for a Computer Science project. Assessment categories: Unsupervised Assessment, AI-use Declarations, and Staged Submissions (partial connection). | AP77: A combination of project-based assessment, explicit AI-use documentation, transparent grading rubrics, AI-generated grading recommendations and final human judgement. Students complete technical projects and explain how AI assisted their work. Teachers independently assess submissions, use NotebookLM to generate grading recommendations, consider student feedback and determine final grades. | AQ77: Directly examines GenAI in higher education. Students were provided with guidance on using ChatGPT for conceptual understanding, debugging, technical problem-solving and assignment preparation. Teachers used Google's NotebookLM to assist with assessment and grading. Students were expected to explain their AI usage in submitted work. | AR77: Highly relevant. It provides real-world evidence of how assessment can be conducted when students use GenAI for computing assignments. It supports research into AI-use transparency, fair grading, project-based assessment and maintaining human responsibility for evaluation. Discipline: Computer Science, Master's-level Hardware/Software Codesign, including C programming, VHDL, RISC-V-based architectures and hardware/software implementation. | AS77: Small sample from one university and one course. Only 19 students responded to the questionnaire. NotebookLM could not fully interpret graphical diagrams or access all submitted source files and annexes. Grading recommendations differed from teacher judgements in some cases. The study does not establish whether its approach prevents academic dishonesty or verifies individual student authorship. | AT77: Include, empirical study involving GenAI-assisted assessment, computing project assignments, student AI-use documentation, grading transparency and human oversight. | AX77: Main synthesis, design / preliminary evidence | AY77: Tighter relevance screen of supplied title, context and summary; not a new full-text assessment. | AZ77: Direct higher-education Computing/IT evidence on assessment design, assessment security, integrity or verification of individual understanding. | BA77: Not independently checked against original full text.
A78: R77 | B78: 14/10/2026 | C78: tables.docx, entry 14 | D78: Process over Product: A Real-Time, Big Data Approach to Plagiarism Detection via Activity Logs Source file: tables.docx | E78: B. S. Anurag Rao, Shreya Gurram, Justin Carvalho, Adhithya P. S. & Animesh Giri | F78: 2026 | G78: Process over Product: A Real-Time, Big Data Approach to Plagiarism Detection via Activity Logs | H78: IEEE 2026 Global Engineering Education Conference (EDUCON). Peer-reviewed conference proceedings | I78: https://doi.org/10.1109/EDUCON67543.2026.11574328 | J78: Conference paper | K78: Empirical technical system evaluation combining machine-learning model development, controlled classroom testing and synthetic scalability testing. The researchers developed a web-based programming platform called Superlit, using Apache Kafka, Apache Spark, Isolation Forest and code similarity analysis. Training data came from 189 undergraduate students, producing 366,987 programming activity events. A separate controlled classroom evaluation involved 101 students, including 19 instructed to work honestly and 82 instructed to attempt plagiarism. | L78: Highly relevant because it provides empirical evidence that students' coding processes can be used as additional evidence of authorship and assessment integrity. It directly supports evaluating Process Evidence as an assessment-security strategy and highlights the limitations of relying only on final submissions. Discipline: Undergraduate Computer Science, particularly Data Structures and Algorithms and competitive programming, at PES University, India. | M78: No | O78: Include | R78: Include | S78: High | U78: Extraction supplied in tables.docx (not independently verified): The system achieved 93.67% precision, 90.24% recall, 87.13% accuracy and a 91.93% F1 score in the classroom experiment. It correctly detected 74 plagiarism cases but produced 5 false positives and missed 8 cases. Code replay helped identify students manually transcribing AI-generated code. The system also demonstrated real-time alerts and processing latency of approximately 400 milliseconds during scalability testing. | W78: Detailed extraction imported from tables.docx. Source recommendation retained separately; verify against full text before final screening. Also listed in tables.pdf, entry 14. Existing extraction retained. 16/10/2026 relevance decision: Include. Addresses assessment design, verification of understanding, assessment validity or integrity in AI-rich education. Revised strict-scope decision: Include in main synthesis. Direct higher-education Computing/IT evidence on assessment design, assessment security, integrity or verification of individual understanding. | AD78: =IF(G78="","",IF(F78="","",IF(AND(F78>=2022,F78<=2024),"Review 2026 applicability",""))) | AE78: =IF(G78="","",IF(OR(E78="",F78="",I78="",V78=""),"Missing author/year/link/screener","")) | AF78: =IF(G78="","",IF(I78="","",IF(COUNTIF($I$2:$I$100,I78)>1,"Check duplicate",""))) | AG78: =IF(G78="","",IF(M78="Yes","Duplicate",IF(OR(R78="",R78="Pending"),"Review pending",""))) | AL78: R96 | AO78: Investigates whether monitoring students' programming activities can help detect plagiarism and potentially AI-generated code more effectively than checking only final submissions. Primary category: Process Evidence. Secondary: Supervised Assessment and Unsupervised Assessment (potential application). | AP78: Collect students' programming activity logs, including typing patterns, code edits, deletions, paste events, compilation attempts and intermediate code snapshots. Use behavioral anomaly detection and code replay to identify suspicious development patterns. Teachers review flagged cases rather than relying solely on final-code similarity. The platform also generates implementation-specific multiple-choice questions to help verify code understanding. | AQ78: Direct, addresses academic integrity challenges caused by GenAI-generated programming solutions. The study specifically investigates cases where students use AI-generated code and manually type it into their submissions to avoid conventional copy-paste or similarity detection. However, the study does not independently evaluate students' learning outcomes when using GenAI. | AR78: Highly relevant because it provides empirical evidence that students' coding processes can be used as additional evidence of authorship and assessment integrity. It directly supports evaluating Process Evidence as an assessment-security strategy and highlights the limitations of relying only on final submissions. Discipline: Undergraduate Computer Science, particularly Data Structures and Algorithms and competitive programming, at PES University, India. | AS78: The study was conducted at one university using a specific web-based programming platform. The classroom evaluation deliberately instructed most participants to attempt plagiarism, limiting generalizability to normal assessment settings. Five honest students were incorrectly flagged because of unusual but legitimate coding patterns, while eight plagiarism attempts were missed. The system requires detailed activity monitoring, raising privacy, fairness, consent and data-management concerns. It does not establish that process monitoring improves student learning or prevents all forms of GenAI misuse. | AT78: Include, Primary empirical evidence. Strongly relevant to Process Evidence, with secondary relevance to Supervised Assessment. Useful for evaluating authenticity, academic integrity, technical feasibility, false-positive risks and instructor workload. | AX78: Main synthesis, assessment evidence | AY78: Tighter relevance screen of supplied title, context and summary; not a new full-text assessment. | AZ78: Direct higher-education Computing/IT evidence on assessment design, assessment security, integrity or verification of individual understanding. | BA78: Not independently checked against original full text.
A79: R78 | B79: 14/10/2026 | C79: tables.docx, entry 15 | D79: CAP: AI-Augmented Curriculum-Aware Platform for Code Evaluation Source file: tables.docx | E79: Rekha Chaturvedi, Kalpana Mishra, Preeti Sharma, Abhay Sharma & Anubhava Srivastava | F79: 2026 | G79: CAP: AI-Augmented Curriculum-Aware Platform for Code Evaluation | H79: IEEE Madhya Pradesh Section Conference (MPCON 2026). Conference proceedings | I79: https://doi.org/10.1109/MPCON69668.2026.11508237 | J79: Conference paper | K79: Prototype development and controlled benchmark-based technical evaluation. Researchers extended a web-based collaborative coding platform using modular microservices, heuristic static analysis, abstract syntax tree (AST) analysis, retrieval-augmented comparison and a lightweight language model for feedback generation. Evaluation used benchmark programming problems involving arrays, hashing and control-flow constructs, with simulated correct, partially correct and suboptimal submissions. The system was compared with conventional static analysis tools. The proctoring component was only partially implemented and tested in a prototype environment. | L79: Highly relevant to assessment design and security in Computing/IT education. It proposes an integrated approach to programming assessment that combines learning-outcome alignment, formative feedback, student coding activity and academic integrity monitoring. It can inform your evaluation framework regarding security, authenticity, fairness, instructor workload, scalability and technical feasibility. Discipline: Computer Science and Programming Education, particularly introductory and intermediate programming courses in higher education. | M79: No | O79: Include | R79: Include | S79: High | U79: Extraction supplied in tables.docx (not independently verified): The curriculum-aware analysis produced fewer irrelevant warnings and false positives than generic static analysis tools in the tested examples. Retrieval-augmented feedback provided more context-specific explanations of coding issues. Real-time analysis operated without noticeably interrupting code editing. The prototype's structural code comparison identified duplicated solutions with superficial changes, such as variable renaming. Confidence-based alert aggregation reduced unnecessary alerts from isolated suspicious events. The paper does not report a numerical improvement in student learning outcomes or real-world cheating detection accuracy. | W79: Detailed extraction imported from tables.docx. Source recommendation retained separately; verify against full text before final screening. Also listed in tables.pdf, entry 15. Existing extraction retained. 16/10/2026 relevance decision: Include. Relevant code-evaluation prototype; preliminary technical evidence rather than a validated classroom intervention. Revised strict-scope decision: Include in main synthesis. Programming code-evaluation prototype; technical assessment evidence, not validated learning gains. | AD79: =IF(G79="","",IF(F79="","",IF(AND(F79>=2022,F79<=2024),"Review 2026 applicability",""))) | AE79: =IF(G79="","",IF(OR(E79="",F79="",I79="",V79=""),"Missing author/year/link/screener","")) | AF79: =IF(G79="","",IF(I79="","",IF(COUNTIF($I$2:$I$100,I79)>1,"Check duplicate",""))) | AG79: =IF(G79="","",IF(M79="Yes","Duplicate",IF(OR(R79="",R79="Pending"),"Review pending",""))) | AL79: R96 | AO79: Proposes and evaluates CAP, an AI-assisted platform for programming education that combines automated code evaluation, real-time feedback, curriculum-aware analysis and academic integrity monitoring. The system aims to evaluate programming submissions according to learning objectives rather than only code correctness. Primary assessment categories: Supervised Assessment and Process Evidence. Secondary: Unsupervised Assessment. | AP79: Implement an integrated programming assessment environment combining curriculum-aware code analysis, real-time feedback, reference-solution comparison and coding-specific proctoring. During assessments, the platform can monitor identity verification, programming activity, code snapshots and structural code similarity. Instructors can use confidence-weighted alerts to investigate suspicious behavior rather than automatically penalizing students for isolated events. | AQ79: Direct but limited. The platform incorporates a lightweight large language model within a retrieval-augmented feedback process to explain differences between student code and instructor-approved reference solutions. It does not specifically evaluate ChatGPT-assisted student cheating or whether GenAI-generated code can evade integrity monitoring. Its main focus is AI-assisted assessment and feedback rather than student use of GenAI. | AR79: Highly relevant to assessment design and security in Computing/IT education. It proposes an integrated approach to programming assessment that combines learning-outcome alignment, formative feedback, student coding activity and academic integrity monitoring. It can inform your evaluation framework regarding security, authenticity, fairness, instructor workload, scalability and technical feasibility. Discipline: Computer Science and Programming Education, particularly introductory and intermediate programming courses in higher education. | AS79: Evaluation relied on benchmark programming tasks and simulated submissions rather than actual university students completing assessments. The proctoring module and some AI-assisted features were not fully implemented. The paper does not provide detailed quantitative evidence of improved learning outcomes, reduced academic misconduct or the system's accuracy in detecting real GenAI-assisted cheating. Privacy, student anxiety and fairness are discussed, but not empirically evaluated. Generalizability to large university classes remains untested. | AT79: Include, Supporting technical/prototype evidence. Particularly useful for Supervised Assessment and Process Evidence. Classify its evidence strength as preliminary rather than treating it as a validated classroom assessment intervention. | AX79: Main synthesis, design / preliminary evidence | AY79: Tighter relevance screen of supplied title, context and summary; not a new full-text assessment. | AZ79: Programming code-evaluation prototype; technical assessment evidence, not validated learning gains. | BA79: Not independently checked against original full text.
A80: R79 | B80: 14/10/2026 | C80: tables.docx, entry 16 | D80: Educational Integration of ESP32 Project-Based Learning with Generative AI: Design, Implementation, and Evaluation in Two Engineering Cohorts Source file: tables.docx | E80: Jose Manuel Medina Pozos and Jose M. Nieto-Jalil | F80: 2025 | G80: Educational Integration of ESP32 Project-Based Learning with Generative AI: Design, Implementation, and Evaluation in Two Engineering Cohorts | H80: IEEE 2025 Mexican International Conference on Computer Science (ENC) & IEEE ICEV. Peer-reviewed conference research paper | I80: https://doi.org/10.1109/ENC68268.2025.11311879 | J80: Conference paper | K80: Empirical educational intervention / quantitative evaluation of two cohorts. The study involved 29 university engineering students in two cohorts (n=14 and n=15) over five weeks. Data included final grades, pass rates, peer assessment scores and student perception surveys. Analysis used descriptive statistics, Pearson correlations, confidence intervals and Cohen's d. | L80: Highly relevant because it directly evaluates multiple authentic and secure assessment practices in an AI-rich technical education setting. It provides a practical model for combining product-based assessment, individual verification and process documentation. Discipline: Higher Education, Engineering, Embedded Systems, Microcontrollers, ESP32/Arduino Programming and Hardware-Software Integration. Strongly adjacent to Computing/IT, although not a conventional Computer Science course. | M80: No | O80: Include | R80: Background | S80: High | U80: Extraction supplied in tables.docx (not independently verified): Overall mean grade 75.54/100 (SD=14.61), with a 72.4% pass rate. The two cohorts had similar mean scores (77.45 and 73.75; Cohen's d≈0.25). Peer assessment averaged 0.917/1 and correlated strongly with final grades (r≈0.78). Students reported favorable perceptions of the learning environment. The authors conclude that combining functional demonstrations, oral verification and traceable GenAI use can support authentic learning and individual accountability. | W80: Detailed extraction imported from tables.docx. Source recommendation retained separately; verify against full text before final screening. Also listed in tables.pdf, entry 16. Existing extraction retained. 16/10/2026 relevance decision: Include. Programming-intensive engineering assessment is transferable to Computing/IT; report separately from discipline-specific studies. Revised strict-scope decision: Background only. Engineering-course context rather than the strict Computing/IT programme scope; retain as adjacent-discipline background. | AD80: =IF(G80="","",IF(F80="","",IF(AND(F80>=2022,F80<=2024),"Review 2026 applicability",""))) | AE80: =IF(G80="","",IF(OR(E80="",F80="",I80="",V80=""),"Missing author/year/link/screener","")) | AF80: =IF(G80="","",IF(I80="","",IF(COUNTIF($I$2:$I$100,I80)>1,"Check duplicate",""))) | AG80: =IF(G80="","",IF(M80="Yes","Duplicate",IF(OR(R80="",R80="Pending"),"Review pending",""))) | AL80: R96 | AO80: Investigates how GenAI can be integrated into a five-week university engineering module involving ESP32/Arduino programming and hardware-software development while maintaining authentic assessment and individual accountability. Assessment categories: Oral Assessment, Practical Demonstrations, Staged Submissions, Process Evidence and AI-use Declarations. | AP80: Combines 50% public prototype demonstration and 50% individual oral defence (viva voce). Students complete three checkpoints covering design, implementation and validation, maintain evidence boards documenting code versions, testing and decisions, and record GenAI prompts and justifications. Structured peer assessment provides additional evidence of individual contributions. | AQ80: Direct. GenAI was explicitly permitted for ideation, debugging, refactoring and documentation. Students had to maintain prompt logs, disclose AI assistance and justify which AI-generated suggestions they accepted or rejected. Individual oral examinations were used to check understanding beyond generated code. | AR80: Highly relevant because it directly evaluates multiple authentic and secure assessment practices in an AI-rich technical education setting. It provides a practical model for combining product-based assessment, individual verification and process documentation. Discipline: Higher Education, Engineering, Embedded Systems, Microcontrollers, ESP32/Arduino Programming and Hardware-Software Integration. Strongly adjacent to Computing/IT, although not a conventional Computer Science course. | AS80: Small sample (N=29), one university, only two cohorts and a five-week module. No control group without GenAI, so the effects of GenAI and individual assessment components cannot be isolated. Peer scores showed possible ceiling effects. The study did not directly measure cheating rates or independently validate whether the assessment prevented academic misconduct. Findings may not generalize to larger classes or other computing subjects. | AT80: Include, primary empirical evidence, provided your eligibility criteria include programming-intensive engineering or embedded-systems education. If your review is strictly limited to Computer Science/IT degree programmes, classify it as adjacent-discipline evidence and confirm eligibility against your protocol. | AX80: Background, outside main synthesis | AY80: Tighter relevance screen of supplied title, context and summary; not a new full-text assessment. | AZ80: Engineering-course context rather than the strict Computing/IT programme scope; retain as adjacent-discipline background. | BA80: Not independently checked against original full text.
A81: R80 | B81: 14/10/2026 | C81: tables.docx, entry 17 | D81: Redefining Undergraduate Computing Education with GenAI-Facilitated Authentic In-Term Assessment Source file: tables.docx | E81: Anum Masood, Vindya Wijeratne and Atm S. Alam | F81: 2025 | G81: Redefining Undergraduate Computing Education with GenAI-Facilitated Authentic In-Term Assessment | H81: IEEE 2025 International Conference on Teaching, Assessment, and Learning for Engineering (TALE). Conference research paper | I81: https://doi.org/10.1109/TALE66047.2025.11346650 | J81: Conference paper | K81: Applied educational intervention / mixed-methods descriptive evaluation (preliminary). Implemented in a second-year Java programming module across two transnational education programmes in China, involving over 750 enrolled students. Data included project marks, individual viva evaluations, student reflections, initial GenAI-use feedback and assessment review requests. The paper describes qualitative analysis of reflections and quantitative marking data, but does not provide a completed comprehensive statistical evaluation. | L81: Extremely relevant. Directly investigates authentic and secure assessment in undergraduate programming education. It provides a practical model for combining unsupervised group programming tasks with individual oral verification, process documentation and transparent GenAI use. Discipline: Higher Education, Java Programming, Computing Education, Digital Media Technology, Intelligent Science and Technology, IoT and related engineering programmes. | M81: No | O81: Include | R81: Include | S81: High | U81: Extraction supplied in tables.docx (not independently verified): The authors report that individual viva assessments distinguished students with stronger programming understanding from those with weaker understanding, even when group reports were of similar quality. Most students viewed GenAI positively, although approximately 7% reported that it was not useful. Some students struggled despite using GenAI. The authors also observed approximately 10 mark review requests, fewer than in previous years. They argue that prompt justification, reflection and viva assessments encourage critical engagement with AI-generated code. | W81: Detailed extraction imported from tables.docx. Source recommendation retained separately; verify against full text before final screening. Also listed in tables.pdf, entry 17. Existing extraction retained. 16/10/2026 relevance decision: Include. Addresses assessment design, verification of understanding, assessment validity or integrity in AI-rich education. Revised strict-scope decision: Include in main synthesis. Direct higher-education Computing/IT evidence on assessment design, assessment security, integrity or verification of individual understanding. | AD81: =IF(G81="","",IF(F81="","",IF(AND(F81>=2022,F81<=2024),"Review 2026 applicability",""))) | AE81: =IF(G81="","",IF(OR(E81="",F81="",I81="",V81=""),"Missing author/year/link/screener","")) | AF81: =IF(G81="","",IF(I81="","",IF(COUNTIF($I$2:$I$100,I81)>1,"Check duplicate",""))) | AG81: =IF(G81="","",IF(M81="Yes","Duplicate",IF(OR(R81="",R81="Pending"),"Review pending",""))) | AL81: R96 | AO81: Investigates how GenAI-supported, real-world Java programming mini-projects can be assessed authentically while ensuring students demonstrate individual understanding. Assessment categories: Oral Assessment, Practical Demonstrations, Process Evidence and AI-use Declarations. Also relevant to Unsupervised Assessment and Staged Submissions. | AP81: Students work in groups to develop a Java GUI application that teaches mathematics to schoolchildren. GenAI assistance is permitted, but students must submit three selected AI prompts with explanations, a project report, source code, UML diagrams, flowcharts and individual reflections. Each student completes an in-person viva, explaining their code, justifying design decisions and responding to real-time modification requests. | AQ81: Direct. Students were encouraged to use GenAI for code generation, debugging, understanding programming concepts and documentation. They were required to submit selected prompts, explain their purpose and reflect on their GenAI use. The assessment aimed to distinguish meaningful AI assistance from outsourcing the entire programming task. | AR81: Extremely relevant. Directly investigates authentic and secure assessment in undergraduate programming education. It provides a practical model for combining unsupervised group programming tasks with individual oral verification, process documentation and transparent GenAI use. Discipline: Higher Education, Java Programming, Computing Education, Digital Media Technology, Intelligent Science and Technology, IoT and related engineering programmes. | AS81: No controlled comparison against conventional assessment or non-GenAI conditions. The paper does not provide complete statistical evidence of learning gains, assessment validity or academic integrity improvements. Some survey analysis was pending. Anonymous feedback could not be linked to individual performance. The intervention took place in a specific transnational education context, limiting generalizability. The large enrolment does not mean every student participated in every reported analysis. | AT81: Include, primary empirical study. Directly meets the project's focus on higher-education Computing/IT, GenAI and authentic assessment strategies. | AX81: Main synthesis, assessment evidence | AY81: Tighter relevance screen of supplied title, context and summary; not a new full-text assessment. | AZ81: Direct higher-education Computing/IT evidence on assessment design, assessment security, integrity or verification of individual understanding. | BA81: Not independently checked against original full text.
A82: R81 | B82: 14/10/2026 | C82: tables.docx, entry 18 | D82: Beyond the Code: Evaluating Alternative Assessment Strategies for Integrity and Authentic Learning in AI-Influenced Programming Tasks Source file: tables.docx | E82: Muhammad Hafeez Javed, Taha M. Rajeh, Zaid Al-Huda, Waseem Ahmed Abbasi, Joao Fialho and Martin Konan | F82: 2026 | G82: Beyond the Code: Evaluating Alternative Assessment Strategies for Integrity and Authentic Learning in AI-Influenced Programming Tasks | H82: IEEE 2026 4th UK-China Teaching, Learning, and Educational Technology (TILE-TEC) Conference, pp. 100-105. Conference research paper, | I82: https://doi.org/10.1109/TILE-TEC70450.2026.11682137 | J82: Conference paper | K82: Empirical action research / two-phase educational intervention with quantitative descriptive analysis. The study involved 60 undergraduate students enrolled in a programming-focused course. Phase 1 examined traditional take-home assignments alongside viva and live coding performance. Phase 2 introduced the TAP Framework. Data included assessment scores, a composite Learning Integrity Score (LIS) and student perceptions of fairness and learning improvement. Analysis used descriptive statistics, score comparisons, distributions and visualizations. | L82: Extremely relevant. Directly evaluates authentic and secure assessment strategies in higher-education programming. Provides quantitative evidence about the limitations of product-only assessment and a practical framework combining process evidence, oral verification and supervised programming demonstrations. Discipline: Higher Education, Undergraduate Programming / Computing Education. | M82: No | O82: Include | R82: Include | S82: High | U82: Extraction supplied in tables.docx (not independently verified): In Phase 1, average take-home assignment scores were 83.83%, compared with 35.17% for viva and 43.93% for live coding, indicating a substantial mismatch between submitted work and demonstrated understanding. After implementing TAP, average repository, viva and live coding scores were approximately 63%, 56% and 58%, respectively. The average LIS increased from 11.7% to 45.3%. Additionally, 83.3% of students preferred the revised assessment, and 86.7% rated it fair or very fair. | W82: Detailed extraction imported from tables.docx. Source recommendation retained separately; verify against full text before final screening. Also listed in tables.pdf, entry 18. Existing extraction retained. 16/10/2026 relevance decision: Include. Addresses assessment design, verification of understanding, assessment validity or integrity in AI-rich education. Revised strict-scope decision: Include in main synthesis. Direct higher-education Computing/IT evidence on assessment design, assessment security, integrity or verification of individual understanding. | AD82: =IF(G82="","",IF(F82="","",IF(AND(F82>=2022,F82<=2024),"Review 2026 applicability",""))) | AE82: =IF(G82="","",IF(OR(E82="",F82="",I82="",V82=""),"Missing author/year/link/screener","")) | AF82: =IF(G82="","",IF(I82="","",IF(COUNTIF($I$2:$I$100,I82)>1,"Check duplicate",""))) | AG82: =IF(G82="","",IF(M82="Yes","Duplicate",IF(OR(R82="",R82="Pending"),"Review pending",""))) | AL82: R96 | AO82: Investigates whether alternative programming assessments provide more reliable evidence of student understanding than conventional take-home submissions in GenAI-influenced education. Assessment categories: Supervised Assessment, Unsupervised Assessment, Oral Assessment, Practical Demonstrations and Process Evidence. | AP82: Implements the TAP Framework (Triangulated Authentic Programming Assessment), combining three components: (1) Repository-based submissions with Git commits and version history, (2) Structured viva examinations requiring students to explain their reasoning and programming decisions, and (3) Supervised live coding demonstrations requiring students to reproduce, modify or extend their submitted code. The framework assesses students using multiple forms of evidence rather than final code alone. | AQ82: Direct. The study investigates programming assessment in an environment where students can use GenAI to generate, debug and explain code. Rather than banning AI, TAP requires students to demonstrate genuine understanding and ownership of their work. However, the study does not directly measure individual students' GenAI usage or establish that AI caused the initial performance mismatch. | AR82: Extremely relevant. Directly evaluates authentic and secure assessment strategies in higher-education programming. Provides quantitative evidence about the limitations of product-only assessment and a practical framework combining process evidence, oral verification and supervised programming demonstrations. Discipline: Higher Education, Undergraduate Programming / Computing Education. | AS82: Relatively small sample (N=60), single programming-course context and convenience sampling. No randomized control group or independent validation of the LIS metric. The intervention combines multiple strategies, making it difficult to isolate the effectiveness of individual components. Viva performance may be influenced by anxiety, confidence and language proficiency. The study does not directly measure academic misconduct, cheating rates or actual GenAI dependence. | AT82: Include, primary empirical evidence. Strongly meets the review's focus on higher-education Computing/IT, authentic assessment and assessment security in AI-rich environments. | AX82: Main synthesis, design / preliminary evidence | AY82: Tighter relevance screen of supplied title, context and summary; not a new full-text assessment. | AZ82: Direct higher-education Computing/IT evidence on assessment design, assessment security, integrity or verification of individual understanding. | BA82: Not independently checked against original full text.
... A84: R83 | B84: 14/10/2026 | C84: tables.docx, entry 20 | D84: A Framework for Assessment Design in the Era of Generative AI: Case Study of Take-Home Assignment in Software-related Courses Source file: tables.docx | E84: Anna Lyza Felipe, Ushik Shrestha Khwakhali and Thanh Ngoc Nguyen | F84: 2025 | G84: A Framework for Assessment Design in the Era of Generative AI: Case Study of Take-Home Assignment in Software-related Courses | H84: IEEE 2025 10th International STEM Education Conference (iSTEM-Ed). Conference research paper | I84: https://doi.org/10.1109/iSTEM-Ed65612.2025.11129352 | J84: Conference paper | K84: Experimental AI capability evaluation and assessment-framework development. Researchers selected three assessment tasks from Bachelor of Information Technology (BIT) and Bachelor of Software Engineering (BSE) programmes at a university in Vietnam: Advanced Programming Techniques (C++), Enterprise Application Development (HTML/JavaScript), and Object-Oriented Programming (Java). Questions were classified using Bloom's Taxonomy, submitted to ChatGPT-3.5 either directly or in smaller components, and the resulting solutions were evaluated against existing marking rubrics by the course lecturers. No student intervention, randomized experiment or classroom evaluation of the proposed framework was reported. | L84: Highly relevant because it directly addresses how GenAI challenges the security and validity of traditional programming assessments. It offers a concrete assessment-design framework that could inform your project's decision guide, especially when considering learning-outcome alignment, higher-order cognitive skills and AI-resistant task design. Discipline: Higher Education, Information Technology, Software Engineering, C++, Java and Web Application Development in Vietnam. | M84: No | O84: Include | R84: Include | S84: High | U84: Extraction supplied in tables.docx (not independently verified): ChatGPT-generated responses received estimated marks of 70% for the group programming assignment, 65% for the individual Enterprise Application Development assessment, and 75% for the Object-Oriented Programming final test. These results indicate that ChatGPT-3.5 could produce passing-level solutions for all three sampled tasks, although it did not achieve full marks. The researchers consequently proposed an assessment framework encouraging complex tasks, higher-order thinking and independent evaluation of AI-generated solutions. | W84: Detailed extraction imported from tables.docx. Source recommendation retained separately; verify against full text before final screening. Also listed in tables.pdf, entry 20. Existing extraction retained. 16/10/2026 relevance decision: Include. Addresses assessment design, verification of understanding, assessment validity or integrity in AI-rich education. Revised strict-scope decision: Include in main synthesis. Direct higher-education Computing/IT evidence on assessment design, assessment security, integrity or verification of individual understanding. | AD84: =IF(G84="","",IF(F84="","",IF(AND(F84>=2022,F84<=2024),"Review 2026 applicability",""))) | AE84: =IF(G84="","",IF(OR(E84="",F84="",I84="",V84=""),"Missing author/year/link/screener","")) | AF84: =IF(G84="","",IF(I84="","",IF(COUNTIF($I$2:$I$100,I84)>1,"Check duplicate",""))) | AG84: =IF(G84="","",IF(M84="Yes","Duplicate",IF(OR(R84="",R84="Pending"),"Review pending",""))) | AL84: R96 | AO84: Investigates the vulnerability of take-home software programming assignments to ChatGPT-generated solutions and proposes a framework for designing assessments that encourage higher-order thinking and academic integrity. Primary category: Unsupervised Assessment. Secondary: Supervised Assessment and assessment task redesign. | AP84: Design programming assignments around higher levels of Bloom's Taxonomy, particularly Evaluating (Level 5) and Creating (Level 6). Include complex, multi-component problems requiring students to integrate and evaluate solutions. Require students to critique AI-generated answers to demonstrate critical thinking. The framework also recommends incorporating visual information and using controlled, time-limited tests where appropriate. These are proposed strategies, not individually validated interventions. | AQ84: Direct. ChatGPT-3.5 was used to generate programming solutions for real university assessment questions. Researchers tested both direct prompting and breaking larger tasks into smaller questions before combining generated answers. The study focuses on the academic integrity implications of students having access to GenAI during take-home programming assessments. | AR84: Highly relevant because it directly addresses how GenAI challenges the security and validity of traditional programming assessments. It offers a concrete assessment-design framework that could inform your project's decision guide, especially when considering learning-outcome alignment, higher-order cognitive skills and AI-resistant task design. Discipline: Higher Education, Information Technology, Software Engineering, C++, Java and Web Application Development in Vietnam. | AS84: Only three assessment tasks and one GenAI model (ChatGPT-3.5) were evaluated. No students participated in testing the redesigned framework. The study does not establish whether higher Bloom's Taxonomy levels, image-based tasks or complex questions actually prevent GenAI misuse. Some recommendations depend on limitations of early ChatGPT versions that may no longer apply to current multimodal models. The marking results are based on lecturer evaluations of AI-generated solutions, without reported inter-rater reliability. No measured improvements in student learning, authenticity or misconduct reduction. | AT84: Include, supporting empirical/design-framework evidence. Useful for evaluating GenAI vulnerabilities and constructing assessment-design recommendations. Do not classify it as an experimentally validated assessment intervention. | AX84: Main synthesis, design / preliminary evidence | AY84: Tighter relevance screen of supplied title, context and summary; not a new full-text assessment. | AZ84: Direct higher-education Computing/IT evidence on assessment design, assessment security, integrity or verification of individual understanding. | BA84: Not independently checked against original full text.
A85: R84 | B85: 14/10/2026 | C85: tables.docx, entry 21 | D85: Can We Design AI-Resilient Programming Assessments? Reflections from a Front-End Web Development Course Source file: tables.docx | E85: Chengcheng Han; Xinfeng Ye; Sathiamoorthy Manoharan | F85: 2026 | G85: Can We Design AI-Resilient Programming Assessments? Reflections from a Front-End Web Development Course | H85: IEEE 2026 Engineering Education World Conference (EDUNINE). Conference research paper | I85: https://doi.org/10.1109/EDUNINE62390.2026.11547103 | J85: Conference paper | K85: Empirical AI-model comparative case study. Based on a third-year undergraduate Client Development course at the University of Auckland involving 314 students. Researchers evaluated multiple LLMs, including GPT-5, Claude, Gemini, DeepSeek, Grok and Qwen, against an existing HTML/CSS/SVG programming assignment. Models were initially given the same assignment instructions without follow-up prompting. Additional experiments provided the reference image directly and tested iterative AI self-correction. | L85: Directly relevant to designing authentic and secure programming assessments in AI-rich environments. Particularly useful for examining the vulnerability of unsupervised programming tasks, the limitations of AI-resistant design and the trade-offs between assessment security and scalability. Discipline: Higher Education, Computer Science / Front-End Web Development, New Zealand. | M85: No | O85: Include | R85: Include | S85: High | U85: Summary supplied in tables.pdf (not independently verified): AI models generally performed well on conventional HTML/CSS tasks and SVG data visualization but struggled to reconstruct a reference logo using specified SVG primitives. One Grok model reproduced a visually similar logo using dense polygons, bypassing the intended structural constraint. Directly supplying the image improved results, but models still struggled to satisfy the complete geometric requirements. MOSS detected up to 40% similarity between some AI-generated CSS files. | W85: Detailed extraction imported from tables.docx. Source recommendation retained separately; verify against full text before final screening. Source row has bibliographic details only; extraction incomplete. Updated from tables.pdf, entry 21, PDF page(s) 19, 20. Source recommendations and reported outcomes require full-text verification. 16/10/2026 relevance decision: Include. Addresses assessment design, verification of understanding, assessment validity or integrity in AI-rich education. Revised strict-scope decision: Include in main synthesis. Direct higher-education Computing/IT evidence on assessment design, assessment security, integrity or verification of individual understanding. | AD85: =IF(G85="","",IF(F85="","",IF(AND(F85>=2022,F85<=2024),"Review 2026 applicability",""))) | AE85: =IF(G85="","",IF(OR(E85="",F85="",I85="",V85=""),"Missing author/year/link/screener","")) | AF85: =IF(G85="","",IF(I85="","",IF(COUNTIF($I$2:$I$100,I85)>1,"Check duplicate",""))) | AG85: =IF(G85="","",IF(M85="Yes","Duplicate",IF(OR(R85="",R85="Pending"),"Review pending",""))) | AO85: Investigates whether AI models can solve programming assessment tasks and whether assignments requiring visual and geometric reasoning are more resistant to automated solutions. Primary category: Unsupervised Assessment. Also discusses Supervised Assessment and Process Evidence. | AP85: Incorporate programming tasks requiring visual reasoning, geometric decomposition, structural understanding and explainable design decisions. The authors also recommend combining take-home assignments with supervised assessments and iterative project reviews. These are proposed approaches, not experimentally validated student interventions. | AQ85: Direct. Investigates contemporary GenAI tools used to generate programming solutions and evaluates their limitations in tasks requiring structural and spatial reasoning. | AR85: Directly relevant to designing authentic and secure programming assessments in AI-rich environments. Particularly useful for examining the vulnerability of unsupervised programming tasks, the limitations of AI-resistant design and the trade-offs between assessment security and scalability. Discipline: Higher Education, Computer Science / Front-End Web Development, New Zealand. | AS85: Single course and assignment; model performance reflects a particular period and set of prompts. The initial visual task was affected by whether models could access the linked reference image. The study does not directly test whether redesigned assessments improve student learning or prevent cheating. Student performance differences are observational and do not establish actual GenAI misuse. | AT85: Include, primary empirical evidence about assessment vulnerability, but classify proposed redesign strategies separately from experimentally evaluated interventions. | AX85: Main synthesis, assessment evidence | AY85: Tighter relevance screen of supplied title, context and summary; not a new full-text assessment. | AZ85: Direct higher-education Computing/IT evidence on assessment design, assessment security, integrity or verification of individual understanding. | BA85: Not independently checked against original full text.
A86: R85 | B86: 15/10/2026 | C86: 15.10.2026.pdf, Paper 1 | D86: Examining the influence of item exposure and retrieval practice effects on test performance in a large-scale workforce development training programme Source file: 15.10.2026.pdf | E86: Anyidoho, P. A.; Berenbon, R.; McHugh, B. | F86: 2024 | G86: Examining the influence of item exposure and retrieval practice effects on test performance in a large-scale workforce development training programme | H86: International Journal of Training and Development, 28(2), 232-253 | I86: https://doi.org/10.1111/ijtd.12321 | J86: Journal article | K86: Empirical analysis: 14,302 learners, 352 trainers, 261 training centres | L86: Indirect: workforce training, not computing or GenAI | M86: No | O86: Exclude | Q86: E1 | R86: Exclude | U86: Summary supplied in 15.10.2026.pdf (not independently verified): The study analysed a large dataset involving 14,302 learners, 352 trainers and 261 training centres. ; Pretesting was associated with higher post-test scores, suggesting that previous testing experiences can influence subsequent performance. ; Exposure to assessment items and retrieval practice are important considerations when interpreting test results. ; Assessment scores may reflect both students' learning and their previous experiences with testing. ; Assessment design should consider how testing practices influence performance when evaluating learning outcomes. | W86: Added detailed source summary from 15.10.2026.pdf, Paper 1. Verify against original article. Computing applications and RQ mapping are source interpretations. 16/10/2026 relevance decision: Exclude. Workforce-development training rather than tertiary education; retain as background on item exposure and test validity. | AD86: =IF(G86="","",IF(F86="","",IF(AND(F86>=2022,F86<=2024),"Review 2026 applicability",""))) | AE86: =IF(G86="","",IF(OR(E86="",F86="",I86="",V86=""),"Missing author/year/link/screener","")) | AF86: =IF(G86="","",IF(I86="","",IF(COUNTIF($I$2:$I$100,I86)>1,"Check duplicate",""))) | AG86: =IF(G86="","",IF(M86="Yes","Duplicate",IF(OR(R86="",R86="Pending"),"Review pending",""))) | AO86: Learning gain measurement ; Formative assessment ; Retrieval practice ; Assessment validity and reliability ; Evidence-based assessment design | AP86: Pre-test and post-test assessments ; Measurement of individual learning gains ; Retrieval practice activities ; Comparison of initial and final performance ; Assessment of knowledge retention ; Combination of quiz scores with practical application tasks | AQ86: Indirect: workforce training, not computing or GenAI | AR86: This paper provides useful evidence for our project because it highlights that assessment performance can be influenced by factors beyond students' actual knowledge and understanding. If students have previously encountered similar questions, their scores may reflect familiarity with the assessment rather than their ability to apply knowledge independently. This is particularly important in GenAI-supported education, where students may use AI tools to prepare answers or practise familiar questions. Measuring improvement between pre-tests and post-tests, alongside other forms of assessment, can provide additional evidence of learning. The paper supports our project objective of developing assessment approaches that evaluate students' progress more effectively while recognising the limitations of relying exclusively on final assessment scores. | AS86: The study focuses on workforce development training rather than specifically on higher education computing assessments. Therefore, its findings need to be interpreted carefully when applying them to programming, software engineering or other computing disciplines. Although pretesting was associated with higher post-test scores, this does not necessarily mean that all improvement resulted from deeper learning. Familiarity with questions and repeated exposure to assessment content may also influence performance. Furthermore, learning-gain measurements alone cannot establish whether students can independently apply their knowledge to unfamiliar problems. Additional assessment methods are needed to evaluate deeper understanding and practical capability. | AU86: RQ1: Supports the use of pre-tests and post-tests to provide additional evidence of learning progress and improve the evaluation of student achievement. RQ2: Helps identify assessment-related factors, including previous exposure to questions and retrieval practice, that may influence test performance. RQ4: Highlights potential limitations of relying on test scores alone, although the study does not directly investigate the vulnerability of computing assessments to GenAI. RQ5: Supports a broader assessment approach that combines learning-gain measurement with other assessment methods to evaluate student progress and capability in GenAI-supported learning environments. | AV86: The paper is useful for understanding why final quiz marks alone may not provide sufficient evidence of students' learning. Comparing students' knowledge before and after a learning activity can help identify improvement that may not be visible from final scores alone. It also supports the broader direction of our project by encouraging the use of multiple assessment methods rather than relying exclusively on a single test. In GenAI-rich educational environments, combining learning-gain measurements with practical tasks, explanations and unfamiliar problems may provide stronger evidence of individual student achievement. | AW86: Anyidoho, P. A., Berenbon, R., & McHugh, B. (2024). Examining the influence of item exposure and retrieval practice effects on test performance in a large-scale workforce development training programme. International Journal of Training and Development, 28(2), 232-253. https://doi.org/10.1111/ijtd.12321 | AX86: Background only / outside sample | AY86: Assistant relevance assessment of supplied title and summary; user authorised selection. | AZ86: Workforce-development training rather than tertiary education; retain as background on item exposure and test validity. | BA86: Not independently checked against original full text.
A87: R86 | B87: 15/10/2026 | C87: 15.10.2026.pdf, Paper 2 | D87: Effects of retrieval practice on retention and application of complex educational concepts Source file: 15.10.2026.pdf | F87: 2025 | G87: Effects of retrieval practice on retention and application of complex educational concepts | H87: Learning and Instruction, 100, Article 102219 | I87: https://doi.org/10.1016/j.learninstruc.2025.102219 | J87: Journal article | K87: Three experiments (N=309, 158 and 255); retrieval practice, restudy and quiz-answer comparisons; some one-week delayed assessments | L87: Indirect: general learning research; not a GenAI assessment study | M87: No | O87: Exclude | Q87: E3 | R87: Exclude | U87: Summary supplied in 15.10.2026.pdf (not independently verified): The study examined retrieval practice across three experiments involving 309, 158 and 255 participants. ; Retrieval practice was compared with alternative approaches, including restudying and studying quiz answers. ; The researchers reported improved performance on application questions in the later experiments. ; Some assessments were conducted after a one-week delay, providing evidence about knowledge retention over time. ; The findings support assessing both the retention of knowledge and the ability to apply it, rather than focusing exclusively on immediate recall. | W87: Added detailed source summary from 15.10.2026.pdf, Paper 2. Verify against original article. Author names missing from supplied reference. Computing applications and RQ mapping are source interpretations. 16/10/2026 relevance decision: Exclude. Retrieval-practice experiments without an AI/GenAI assessment context; retain for background, outside the main AI-assessment sample. | AD87: =IF(G87="","",IF(F87="","",IF(AND(F87>=2022,F87<=2024),"Review 2026 applicability",""))) | AE87: =IF(G87="","",IF(OR(E87="",F87="",I87="",V87=""),"Missing author/year/link/screener","")) | AF87: =IF(G87="","",IF(I87="","",IF(COUNTIF($I$2:$I$100,I87)>1,"Check duplicate",""))) | AG87: =IF(G87="","",IF(M87="Yes","Duplicate",IF(OR(R87="",R87="Pending"),"Review pending",""))) | AO87: Retrieval-based assessment ; Knowledge retention measurement ; Transfer of learning ; Authentic assessment ; Delayed assessment ; Application-based assessment | AP87: Short quizzes to encourage retrieval practice ; Unfamiliar programming and computing problems ; Delayed assessments to measure knowledge retention ; Practical application of learned concepts ; Explanation and justification of solutions ; Comparison of immediate performance with delayed performance | AQ87: Indirect: general learning research; not a GenAI assessment study | AR87: This paper provides useful support for our project because it highlights the importance of assessing more than immediate recall. In GenAI-supported education, students may use AI tools to generate answers or complete familiar assessment questions without necessarily developing lasting understanding. Assessing students' ability to apply concepts to unfamiliar problems and retain knowledge over time can provide stronger evidence of learning. For example, computing students could be asked to solve a new programming problem, construct an SQL query for an unfamiliar database or explain their decisions when designing a system. This aligns with our project's objective of developing assessment strategies that verify students' individual understanding and practical capability rather than relying only on the quality of their final submissions. | AS87: The study focuses on retrieval practice and learning outcomes rather than directly investigating the effects of GenAI on academic assessment. Therefore, it does not establish whether retrieval practice alone can prevent students from submitting AI-generated work or verify independent student achievement. Its findings also need to be interpreted in the context of the specific experiments, participants and learning materials used. Results from general educational concepts may not transfer directly to every computing subject. Although retrieval practice can support retention and application, it should be combined with other assessment methods when the objective is to establish whether students can independently solve unfamiliar computing problems. | AU87: RQ1: Supports assessment strategies that evaluate knowledge retention and practical application as additional evidence of student learning. RQ2: Helps explain why immediate test performance may not fully demonstrate lasting understanding or the ability to apply knowledge independently. RQ4: Supports the use of unfamiliar and delayed assessments to examine whether students can apply knowledge beyond familiar questions, although the study does not directly measure GenAI-related assessment vulnerability. RQ5: Supports combining retrieval practice, delayed assessment and application-based tasks within a broader assessment approach suitable for GenAI-supported education. | AV87: The paper is useful because it supports assessment strategies that evaluate whether students can retain and apply what they have learned. This is particularly important when GenAI tools can produce correct answers or complete familiar tasks quickly. For computing education, students could be assessed using unfamiliar programming problems, practical database tasks or system-design scenarios. Asking students to explain their reasoning and justify their decisions would provide further evidence of individual understanding. Combining retrieval practice with delayed assessments and practical application tasks may therefore help our project develop more reliable ways of evaluating student learning in AI-rich educational environments. | AW87: Effects of retrieval practice on retention and application of complex educational concepts. (2025). Learning and Instruction, 100, Article 102219. https://doi.org/10.1016/j.learninstruc.2025.102219 | AX87: Background only / outside sample | AY87: Assistant relevance assessment of supplied title and summary; user authorised selection. | AZ87: Retrieval-practice experiments without an AI/GenAI assessment context; retain for background, outside the main AI-assessment sample. | BA87: Not independently checked against original full text.
